FECHA,PAÍS,ACRÓNIMO,CATEGORÍA,QUERY,NOTICIA,ESTADO,MOTIVO
19/03/2026 15:09:53,ALEMANIA,BND,Inteligencia,"(""BfV"" OR ""BND"" OR ""Verfassungsschutz"" OR ""Bundesamt für Verfassungsschutz"" OR ""Bundesnachrichtendienst"")",Regionalliga Bayern: Der 24. Spieltag - Bayerischer Fussball-Verband,DESCARTADO,score=-4 | flags=negativo | Alemania ruido o sigla sin contexto
19/03/2026 15:09:54,ALEMANIA,BND,Inteligencia,"(""BfV"" OR ""BND"" OR ""Verfassungsschutz"" OR ""Bundesamt für Verfassungsschutz"" OR ""Bundesnachrichtendienst"")","Verfassungsschutz: Russland sieht Deutschland laut BfV ""mitunter als Feind Nummer eins"" - DIE ZEIT",ACEPTADO,score=2 | flags=positivo | Alemania fuerte
19/03/2026 15:09:55,ALEMANIA,BND,Inteligencia,"(""BfV"" OR ""BND"" OR ""Verfassungsschutz"" OR ""Bundesamt für Verfassungsschutz"" OR ""Bundesnachrichtendienst"")",Geheimdienst: BSW wieder in Kommission für Verfassungsschutz vertreten - STERN.de,ACEPTADO,score=2 | flags=positivo | Alemania fuerte
19/03/2026 15:09:56,ALEMANIA,BND,Seguridad estratégica,"(""BfV"" OR ""BND"" OR ""Verfassungsschutz"" OR ""Bundesamt für Verfassungsschutz"" OR ""Bundesnachrichtendienst"")",Sabotage und Spionage: BfV sieht „mehr Risikoappetit“ bei ausländischen Angreifern - Tagesspiegel,ACEPTADO,score=2 | flags=positivo | Alemania fuerte
19/03/2026 15:09:57,ALEMANIA,BND,Inteligencia,"(""BfV"" OR ""BND"" OR ""Verfassungsschutz"" OR ""Bundesamt für Verfassungsschutz"" OR ""Bundesnachrichtendienst"")",BfV sieht «mehr Risikoappetit» bei ausländischen Angreifern - T-Online,ACEPTADO,score=2 | flags=positivo | Alemania fuerte
19/03/2026 15:09:58,ALEMANIA,BND,Inteligencia,"(""BfV"" OR ""BND"" OR ""Verfassungsschutz"" OR ""Bundesamt für Verfassungsschutz"" OR ""Bundesnachrichtendienst"")",CDU: Verfassungsschutz soll Linke-Beschluss prüfen - noz.de,ACEPTADO,score=2 | flags=positivo | Alemania fuerte
19/03/2026 15:09:59,ALEMANIA,BND,Inteligencia,"(""BfV"" OR ""BND"" OR ""Verfassungsschutz"" OR ""Bundesamt für Verfassungsschutz"" OR ""Bundesnachrichtendienst"")",BFV-Verbandspokal der Frauen mit Münchner Stadtderby - Wochenanzeiger,DESCARTADO,score=2 | flags=positivo | Alemania ruido o sigla sin contexto
19/03/2026 15:10:00,ALEMANIA,BND,Inteligencia,"(""Verfassungsschutz"" OR ""Bundesamt für Verfassungsschutz"" OR ""BfV"") (Deutschland OR Geheimdienst OR Spionage OR Extremismus OR Präsident OR Praesident)","Verfassungsschutz: Russland sieht Deutschland laut BfV ""mitunter als Feind Nummer eins"" - DIE ZEIT",ACEPTADO,score=2 | flags=positivo | Alemania fuerte
19/03/2026 15:10:03,ALEMANIA,BND,Seguridad estratégica,"(""Verfassungsschutz"" OR ""Bundesamt für Verfassungsschutz"" OR ""BfV"") (Deutschland OR Geheimdienst OR Spionage OR Extremismus OR Präsident OR Praesident)",Sabotage und Spionage: BfV sieht „mehr Risikoappetit“ bei ausländischen Angreifern - Tagesspiegel,ACEPTADO,score=2 | flags=positivo | Alemania fuerte
19/03/2026 15:10:04,ALEMANIA,BND,Inteligencia,"(""Verfassungsschutz"" OR ""Bundesamt für Verfassungsschutz"" OR ""BfV"") (Deutschland OR Geheimdienst OR Spionage OR Extremismus OR Präsident OR Praesident)",Geheimdienst: BSW wieder in Kommission für Verfassungsschutz vertreten - STERN.de,ACEPTADO,score=2 | flags=positivo | Alemania fuerte
19/03/2026 15:10:05,ALEMANIA,BND,Inteligencia,"(""Verfassungsschutz"" OR ""Bundesamt für Verfassungsschutz"" OR ""BfV"") (Deutschland OR Geheimdienst OR Spionage OR Extremismus OR Präsident OR Praesident)",Gefahr für Deutschland eskaliert: Verfassungsschutz warnt vor „Tötungsoperationen“ - Express,ACEPTADO,score=2 | flags=positivo | Alemania fuerte
19/03/2026 15:10:06,ALEMANIA,BND,Inteligencia,"(""Verfassungsschutz"" OR ""Bundesamt für Verfassungsschutz"" OR ""BfV"") (Deutschland OR Geheimdienst OR Spionage OR Extremismus OR Präsident OR Praesident)",BfV sieht „mehr Risikoappetit“ bei ausländischen Angreifern - Westdeutsche Zeitung,ACEPTADO,score=2 | flags=positivo | Alemania fuerte
19/03/2026 15:10:07,ALEMANIA,BND,Seguridad estratégica,"(""Verfassungsschutz"" OR ""Bundesamt für Verfassungsschutz"" OR ""BfV"") (Deutschland OR Geheimdienst OR Spionage OR Extremismus OR Präsident OR Praesident)",Sabotage und Spionage: BfV sieht „mehr Risikoappetit“ bei ausländischen Angreifern - Saarbrücker Zeitung,ACEPTADO,score=2 | flags=positivo | Alemania fuerte
19/03/2026 15:10:09,ALEMANIA,BND,Inteligencia,"(""Verfassungsschutz"" OR ""Bundesamt für Verfassungsschutz"") (""neuer Mann"" OR Präsident OR Praesident OR Chef OR Leitung)","Verfassungsschutz: Russland sieht Deutschland laut BfV ""mitunter als Feind Nummer eins"" - DIE ZEIT",ACEPTADO,score=2 | flags=positivo | Alemania fuerte
19/03/2026 15:10:10,ALEMANIA,BND,Inteligencia,"(""Verfassungsschutz"" OR ""Bundesamt für Verfassungsschutz"") (""neuer Mann"" OR Präsident OR Praesident OR Chef OR Leitung)",Gefahr für Deutschland eskaliert: Verfassungsschutz warnt vor „Tötungsoperationen“ - Express,ACEPTADO,score=2 | flags=positivo | Alemania fuerte
19/03/2026 15:10:12,ALEMANIA,BND,Seguridad estratégica,"(""BfV"" OR ""BND"" OR ""Verfassungsschutz"" OR ""Bundesnachrichtendienst"") (Spionage OR Gegenspionage OR Geheimdienst OR Terrorismus OR Sabotage)",Sabotage und Spionage: BfV sieht „mehr Risikoappetit“ bei ausländischen Angreifern - Tagesspiegel,ACEPTADO,score=2 | flags=positivo | Alemania fuerte
19/03/2026 15:10:13,ALEMANIA,BND,Inteligencia,"(""BfV"" OR ""BND"" OR ""Verfassungsschutz"" OR ""Bundesnachrichtendienst"") (Spionage OR Gegenspionage OR Geheimdienst OR Terrorismus OR Sabotage)",Geheimdienst: BSW wieder in Kommission für Verfassungsschutz vertreten - STERN.de,ACEPTADO,score=2 | flags=positivo | Alemania fuerte
19/03/2026 15:10:14,ALEMANIA,BND,Inteligencia,"(""BfV"" OR ""BND"" OR ""Verfassungsschutz"" OR ""Bundesnachrichtendienst"") (Spionage OR Gegenspionage OR Geheimdienst OR Terrorismus OR Sabotage)",Nachrichtendienste: Wird der Verfassungsschutz bald das deutsche FBI? - T-Online,ACEPTADO,score=2 | flags=positivo | Alemania fuerte
19/03/2026 15:10:16,ALEMANIA,BND,Inteligencia,"(""BfV"" OR ""BND"" OR ""Verfassungsschutz"" OR ""Bundesamt für Verfassungsschutz"" OR ""Bundesnachrichtendienst"" OR ""German intelligence"" OR ""German domestic intelligence"")",BREAKING NEWS: Mountain Grove school-wide emergency 0319 655AM BND KOLR DAYBREAK - OzarksFirst.com,DESCARTADO,score=2 | flags=positivo | Alemania ruido o sigla sin contexto
19/03/2026 15:10:17,ALEMANIA,BND,Inteligencia,"(""BfV"" OR ""BND"" OR ""Verfassungsschutz"" OR ""Bundesamt für Verfassungsschutz"" OR ""Bundesnachrichtendienst"" OR ""German intelligence"" OR ""German domestic intelligence"")",Stutsman County producers seek over $25M in aid; BND expands ag relief to $500M - KSJB AM 600,DESCARTADO,score=2 | flags=positivo | Alemania ruido o sigla sin contexto
19/03/2026 15:10:18,ALEMANIA,BND,Ciberinteligencia,"(""BfV"" OR ""BND"" OR ""Verfassungsschutz"" OR ""Bundesamt für Verfassungsschutz"") (espionage OR counterintelligence OR sabotage OR Russia OR Russian)","France, Germany, Russia High-ranking BND official falls victim to Russian phishing campaign on Signal and WhatsApp - Intelligence Online",ACEPTADO,"score=5 | flags=positivo,ciber,ciber_actor,radar | Alemania fuerte"
19/03/2026 15:10:21,ALEMANIA,BFV,Inteligencia,"(""BfV"" OR ""BND"" OR ""Verfassungsschutz"" OR ""Bundesamt für Verfassungsschutz"" OR ""Bundesnachrichtendienst"")",Regionalliga Bayern: Der 24. Spieltag - Bayerischer Fussball-Verband,DESCARTADO,score=-4 | flags=negativo | Alemania ruido o sigla sin contexto
19/03/2026 15:10:22,ALEMANIA,BFV,Inteligencia,"(""BfV"" OR ""BND"" OR ""Verfassungsschutz"" OR ""Bundesamt für Verfassungsschutz"" OR ""Bundesnachrichtendienst"")","Verfassungsschutz: Russland sieht Deutschland laut BfV ""mitunter als Feind Nummer eins"" - DIE ZEIT",ACEPTADO,score=2 | flags=positivo | Alemania fuerte
19/03/2026 15:10:23,ALEMANIA,BFV,Inteligencia,"(""BfV"" OR ""BND"" OR ""Verfassungsschutz"" OR ""Bundesamt für Verfassungsschutz"" OR ""Bundesnachrichtendienst"")",Geheimdienst: BSW wieder in Kommission für Verfassungsschutz vertreten - STERN.de,ACEPTADO,score=2 | flags=positivo | Alemania fuerte
19/03/2026 15:10:24,ALEMANIA,BFV,Seguridad estratégica,"(""BfV"" OR ""BND"" OR ""Verfassungsschutz"" OR ""Bundesamt für Verfassungsschutz"" OR ""Bundesnachrichtendienst"")",Sabotage und Spionage: BfV sieht „mehr Risikoappetit“ bei ausländischen Angreifern - Tagesspiegel,ACEPTADO,score=2 | flags=positivo | Alemania fuerte
19/03/2026 15:10:25,ALEMANIA,BFV,Inteligencia,"(""BfV"" OR ""BND"" OR ""Verfassungsschutz"" OR ""Bundesamt für Verfassungsschutz"" OR ""Bundesnachrichtendienst"")",BfV sieht «mehr Risikoappetit» bei ausländischen Angreifern - T-Online,ACEPTADO,score=2 | flags=positivo | Alemania fuerte
19/03/2026 15:10:26,ALEMANIA,BFV,Inteligencia,"(""BfV"" OR ""BND"" OR ""Verfassungsschutz"" OR ""Bundesamt für Verfassungsschutz"" OR ""Bundesnachrichtendienst"")",CDU: Verfassungsschutz soll Linke-Beschluss prüfen - noz.de,ACEPTADO,score=2 | flags=positivo | Alemania fuerte
19/03/2026 15:10:27,ALEMANIA,BFV,Inteligencia,"(""BfV"" OR ""BND"" OR ""Verfassungsschutz"" OR ""Bundesamt für Verfassungsschutz"" OR ""Bundesnachrichtendienst"")",BFV-Verbandspokal der Frauen mit Münchner Stadtderby - Wochenanzeiger,DESCARTADO,score=2 | flags=positivo | Alemania ruido o sigla sin contexto
19/03/2026 15:10:28,ALEMANIA,BFV,Inteligencia,"(""Verfassungsschutz"" OR ""Bundesamt für Verfassungsschutz"" OR ""BfV"") (Deutschland OR Geheimdienst OR Spionage OR Extremismus OR Präsident OR Praesident)","Verfassungsschutz: Russland sieht Deutschland laut BfV ""mitunter als Feind Nummer eins"" - DIE ZEIT",ACEPTADO,score=2 | flags=positivo | Alemania fuerte
19/03/2026 15:10:29,ALEMANIA,BFV,Seguridad estratégica,"(""Verfassungsschutz"" OR ""Bundesamt für Verfassungsschutz"" OR ""BfV"") (Deutschland OR Geheimdienst OR Spionage OR Extremismus OR Präsident OR Praesident)",Sabotage und Spionage: BfV sieht „mehr Risikoappetit“ bei ausländischen Angreifern - Tagesspiegel,ACEPTADO,score=2 | flags=positivo | Alemania fuerte
19/03/2026 15:10:30,ALEMANIA,BFV,Inteligencia,"(""Verfassungsschutz"" OR ""Bundesamt für Verfassungsschutz"" OR ""BfV"") (Deutschland OR Geheimdienst OR Spionage OR Extremismus OR Präsident OR Praesident)",Geheimdienst: BSW wieder in Kommission für Verfassungsschutz vertreten - STERN.de,ACEPTADO,score=2 | flags=positivo | Alemania fuerte
19/03/2026 15:10:32,ALEMANIA,BFV,Inteligencia,"(""Verfassungsschutz"" OR ""Bundesamt für Verfassungsschutz"" OR ""BfV"") (Deutschland OR Geheimdienst OR Spionage OR Extremismus OR Präsident OR Praesident)",Gefahr für Deutschland eskaliert: Verfassungsschutz warnt vor „Tötungsoperationen“ - Express,ACEPTADO,score=2 | flags=positivo | Alemania fuerte
19/03/2026 15:10:33,ALEMANIA,BFV,Inteligencia,"(""Verfassungsschutz"" OR ""Bundesamt für Verfassungsschutz"" OR ""BfV"") (Deutschland OR Geheimdienst OR Spionage OR Extremismus OR Präsident OR Praesident)",BfV sieht „mehr Risikoappetit“ bei ausländischen Angreifern - Westdeutsche Zeitung,ACEPTADO,score=2 | flags=positivo | Alemania fuerte
19/03/2026 15:10:34,ALEMANIA,BFV,Seguridad estratégica,"(""Verfassungsschutz"" OR ""Bundesamt für Verfassungsschutz"" OR ""BfV"") (Deutschland OR Geheimdienst OR Spionage OR Extremismus OR Präsident OR Praesident)",Sabotage und Spionage: BfV sieht „mehr Risikoappetit“ bei ausländischen Angreifern - Saarbrücker Zeitung,ACEPTADO,score=2 | flags=positivo | Alemania fuerte
19/03/2026 15:10:35,ALEMANIA,BFV,Inteligencia,"(""Verfassungsschutz"" OR ""Bundesamt für Verfassungsschutz"") (""neuer Mann"" OR Präsident OR Praesident OR Chef OR Leitung)","Verfassungsschutz: Russland sieht Deutschland laut BfV ""mitunter als Feind Nummer eins"" - DIE ZEIT",ACEPTADO,score=2 | flags=positivo | Alemania fuerte
19/03/2026 15:10:36,ALEMANIA,BFV,Inteligencia,"(""Verfassungsschutz"" OR ""Bundesamt für Verfassungsschutz"") (""neuer Mann"" OR Präsident OR Praesident OR Chef OR Leitung)",Gefahr für Deutschland eskaliert: Verfassungsschutz warnt vor „Tötungsoperationen“ - Express,ACEPTADO,score=2 | flags=positivo | Alemania fuerte
19/03/2026 15:10:37,ALEMANIA,BFV,Seguridad estratégica,"(""BfV"" OR ""BND"" OR ""Verfassungsschutz"" OR ""Bundesnachrichtendienst"") (Spionage OR Gegenspionage OR Geheimdienst OR Terrorismus OR Sabotage)",Sabotage und Spionage: BfV sieht „mehr Risikoappetit“ bei ausländischen Angreifern - Tagesspiegel,ACEPTADO,score=2 | flags=positivo | Alemania fuerte
19/03/2026 15:10:39,ALEMANIA,BFV,Inteligencia,"(""BfV"" OR ""BND"" OR ""Verfassungsschutz"" OR ""Bundesnachrichtendienst"") (Spionage OR Gegenspionage OR Geheimdienst OR Terrorismus OR Sabotage)",Geheimdienst: BSW wieder in Kommission für Verfassungsschutz vertreten - STERN.de,ACEPTADO,score=2 | flags=positivo | Alemania fuerte
19/03/2026 15:10:40,ALEMANIA,BFV,Inteligencia,"(""BfV"" OR ""BND"" OR ""Verfassungsschutz"" OR ""Bundesnachrichtendienst"") (Spionage OR Gegenspionage OR Geheimdienst OR Terrorismus OR Sabotage)",Nachrichtendienste: Wird der Verfassungsschutz bald das deutsche FBI? - T-Online,ACEPTADO,score=2 | flags=positivo | Alemania fuerte
19/03/2026 15:10:42,ALEMANIA,BFV,Inteligencia,"(""BfV"" OR ""BND"" OR ""Verfassungsschutz"" OR ""Bundesamt für Verfassungsschutz"" OR ""Bundesnachrichtendienst"" OR ""German intelligence"" OR ""German domestic intelligence"")",BREAKING NEWS: Mountain Grove school-wide emergency 0319 655AM BND KOLR DAYBREAK - OzarksFirst.com,DESCARTADO,score=2 | flags=positivo | Alemania ruido o sigla sin contexto
19/03/2026 15:10:42,ALEMANIA,BFV,Inteligencia,"(""BfV"" OR ""BND"" OR ""Verfassungsschutz"" OR ""Bundesamt für Verfassungsschutz"" OR ""Bundesnachrichtendienst"" OR ""German intelligence"" OR ""German domestic intelligence"")",Stutsman County producers seek over $25M in aid; BND expands ag relief to $500M - KSJB AM 600,DESCARTADO,score=2 | flags=positivo | Alemania ruido o sigla sin contexto
19/03/2026 15:10:43,ALEMANIA,BFV,Ciberinteligencia,"(""BfV"" OR ""BND"" OR ""Verfassungsschutz"" OR ""Bundesamt für Verfassungsschutz"") (espionage OR counterintelligence OR sabotage OR Russia OR Russian)","France, Germany, Russia High-ranking BND official falls victim to Russian phishing campaign on Signal and WhatsApp - Intelligence Online",ACEPTADO,"score=5 | flags=positivo,ciber,ciber_actor,radar | Alemania fuerte"
19/03/2026 15:10:45,BOLIVIA,DNI,Inteligencia,"""DNI"" Bolivia inteligencia",La directora de Inteligencia Nacional de EE.UU. asegura que Irán continúa representando una amenaza - Escenario Mundial,ACEPTADO,"score=3 | flags=positivo,radar | Regla general"
19/03/2026 15:10:48,BOLIVIA,DNI,Inteligencia,"(""DNI"" OR ""Dirección Nacional de Inteligencia"" OR ""Bolivia"") (""intelligence"" OR ""spy"" OR ""espionage"" OR ""cyber attack"" OR ""security service"" OR ""counterintelligence"" OR ""inteligencia"" OR ""espia"" OR ""espía"" OR ""espionaje"" OR ""ciberataque"" OR ""servicio de seguridad"" OR ""contrainteligencia"")",Vídeo del DNI Tulsi Gabbard ofrece una evaluación de inteligencia sobre Irán durante una audiencia en el Senado - ucvradio.pe,ACEPTADO,"score=3 | flags=positivo,radar | Regla general"
19/03/2026 15:10:50,BRASIL,ABIN,Inteligencia,"(""ABIN"" OR ""Agência Brasileira de Inteligência"" OR ""Agencia Brasileira de Inteligencia"") Brasil",Abin avalia que designação de PCC e CV como terroristas abre brecha para interferência - ICL Notícias,ACEPTADO,score=2 | flags=positivo | Brasil fuerte
19/03/2026 15:10:51,BRASIL,ABIN,Inteligencia,"(""ABIN"" OR ""Agência Brasileira de Inteligência"" OR ""Agencia Brasileira de Inteligencia"") Brasil",Abin alerta para risco de enquadrar PCC e CV como terroristas - O Antagonista,ACEPTADO,score=2 | flags=positivo | Brasil fuerte
19/03/2026 15:10:52,BRASIL,ABIN,Inteligencia,"(""ABIN"" OR ""Agência Brasileira de Inteligência"" OR ""Agencia Brasileira de Inteligencia"") Brasil",Abin alerta que classificar facções como terroristas ameaça soberania do Brasil - Folha MS,ACEPTADO,"score=3 | flags=pais,positivo | Brasil fuerte"
19/03/2026 15:10:53,BRASIL,ABIN,Inteligencia,"(""ABIN"" OR ""Agência Brasileira de Inteligência"") espionagem OR inteligência OR ""abin paralela""",Abin alerta que classificar facções como terroristas ameaça soberania do Brasil - Folha MS,ACEPTADO,"score=3 | flags=pais,positivo | Brasil fuerte"
19/03/2026 15:10:55,CHILE,ANI,Inteligencia,"(""ANI"" OR ""Agencia Nacional de Inteligencia"" OR ""inteligencia chilena"")",Entrevista a Lady Ani (LAST DAYS OF EDEN): “Nuestra música tiene un público minoritario” - Metalcry.com,DESCARTADO,score=2 | flags=positivo | Chile ANI ruido o contexto débil
19/03/2026 15:11:00,CHINA,MSS,Inteligencia,"(""MSS"" OR ""Ministry of State Security"" OR ""China"") (""intelligence"" OR ""spy"" OR ""espionage"" OR ""cyber attack"" OR ""security service"" OR ""counterintelligence"" OR ""inteligencia"" OR ""espia"" OR ""espía"" OR ""espionaje"" OR ""ciberataque"" OR ""servicio de seguridad"" OR ""contrainteligencia"")","China not planning to invade Taiwan in 2027, US intelligence agencies say - Sky News",DESCARTADO,"score=2 | flags=pais,radar | China ruido cultural o contexto débil"
19/03/2026 15:11:01,CHINA,MSS,Inteligencia,"(""MSS"" OR ""Ministry of State Security"" OR ""China"") (""intelligence"" OR ""spy"" OR ""espionage"" OR ""cyber attack"" OR ""security service"" OR ""counterintelligence"" OR ""inteligencia"" OR ""espia"" OR ""espía"" OR ""espionaje"" OR ""ciberataque"" OR ""servicio de seguridad"" OR ""contrainteligencia"")","Spotlight Canada Despite thaw, Canadian intelligence remains vigilant on China - Intelligence Online",ACEPTADO,"score=2 | flags=pais,radar | China/MSS fuerte"
19/03/2026 15:11:01,CHINA,MSS,Inteligencia,"(""MSS"" OR ""Ministry of State Security"" OR ""China"") (""intelligence"" OR ""spy"" OR ""espionage"" OR ""cyber attack"" OR ""security service"" OR ""counterintelligence"" OR ""inteligencia"" OR ""espia"" OR ""espía"" OR ""espionaje"" OR ""ciberataque"" OR ""servicio de seguridad"" OR ""contrainteligencia"")",US intelligence agencies not expecting China to invade Taiwan in 2027 - Al Jazeera,DESCARTADO,"score=2 | flags=pais,radar | China ruido cultural o contexto débil"
19/03/2026 15:11:02,CHINA,MSS,Inteligencia,"(""MSS"" OR ""Ministry of State Security"" OR ""China"") (""intelligence"" OR ""spy"" OR ""espionage"" OR ""cyber attack"" OR ""security service"" OR ""counterintelligence"" OR ""inteligencia"" OR ""espia"" OR ""espía"" OR ""espionaje"" OR ""ciberataque"" OR ""servicio de seguridad"" OR ""contrainteligencia"")",US Intelligence Agencies Soften Outlook on China’s Plans for Taiwan - Bloomberg.com,DESCARTADO,"score=2 | flags=pais,radar | China ruido cultural o contexto débil"
19/03/2026 15:11:04,COLOMBIA,DNI,Inteligencia,"""Dirección Nacional de Inteligencia"" Colombia","Hackearon a la Dian, confirmó la Dirección Nacional de Inteligencia: podrían alterar los datos en las elecciones presidenciales - Infobae",ACEPTADO,"score=7 | flags=nombre,positivo,radar | Colombia fuerte"
19/03/2026 15:11:05,COLOMBIA,DNI,Ciberinteligencia,"""Dirección Nacional de Inteligencia"" Colombia",Dian bajo alerta por ciberataques; inteligencia advierte riesgo de manipulación de datos de cara a elecciones - elpais.com.co,DESCARTADO,"score=5 | flags=positivo,ciber,ciber_actor,radar | Colombia ruido o contexto débil"
19/03/2026 15:11:05,COLOMBIA,DNI,Inteligencia,"""Dirección Nacional de Inteligencia"" Colombia",DNI advierte sobre vulneración de datos ciudadanos y riesgos para el proceso electoral - Portafolio.co,DESCARTADO,score=2 | flags=positivo | Colombia ruido o contexto débil
19/03/2026 15:11:06,COLOMBIA,DNI,Inteligencia,"""Dirección Nacional de Inteligencia"" Colombia","Dian confirmó que hackearon la entidad, pero aseguró que información de los colombianos no está comprometida - Infobae",DESCARTADO,score=1 | flags=pais | Colombia ruido o contexto débil
19/03/2026 15:11:09,COLOMBIA,DNI,Inteligencia,"""DNI"" Colombia inteligencia","Hackearon a la Dian, confirmó la Dirección Nacional de Inteligencia: podrían alterar los datos en las elecciones presidenciales - Infobae",ACEPTADO,"score=7 | flags=nombre,positivo,radar | Colombia fuerte"
19/03/2026 15:11:10,COLOMBIA,DNI,Inteligencia,"(""DNI"" OR ""Dirección Nacional de Inteligencia"" OR ""Colombia"") (""intelligence"" OR ""spy"" OR ""espionage"" OR ""cyber attack"" OR ""security service"" OR ""counterintelligence"" OR ""inteligencia"" OR ""espia"" OR ""espía"" OR ""espionaje"" OR ""ciberataque"" OR ""servicio de seguridad"" OR ""contrainteligencia"")",Colombia | MinCiencias abre convocatoria ColombIA Inteligente 2026 para financiar soluciones con inteligencia artificial y tecnologías cuánticas - DPL News,DESCARTADO,"score=0 | flags=pais,positivo,negativo,radar | Colombia ruido AI/tech"
19/03/2026 15:11:11,COLOMBIA,DNI,Inteligencia,"(""DNI"" OR ""Dirección Nacional de Inteligencia"" OR ""Colombia"") (""intelligence"" OR ""spy"" OR ""espionage"" OR ""cyber attack"" OR ""security service"" OR ""counterintelligence"" OR ""inteligencia"" OR ""espia"" OR ""espía"" OR ""espionaje"" OR ""ciberataque"" OR ""servicio de seguridad"" OR ""contrainteligencia"")",Nequi y AWS abren 300.000 cursos gratis de inteligencia artificial en Colombia - ENTER.CO,DESCARTADO,"score=0 | flags=pais,positivo,negativo,radar | Colombia ruido AI/tech"
19/03/2026 15:11:12,COSTA RICA,DIS,Inteligencia,"(""DIS"" OR ""Dirección de Inteligencia y Seguridad"" OR ""inteligencia Costa Rica"")",Los accionistas de The Walt Disney Company (NYSE: DIS) aprobaron en la reciente asamblea de accionistas la propuesta para ratificar a PricewaterhouseCoopers como la firma independiente de contadores públicos registrada para el año fiscal 2026. - Bitget,DESCARTADO,score=0 | flags=sin_senales | acrónimo ambiguo sin contexto
19/03/2026 15:11:13,COSTA RICA,DIS,Inteligencia,"(""DIS"" OR ""Dirección de Inteligencia y Seguridad"" OR ""inteligencia Costa Rica"")",d'Amico vende hasta el 5% de DIS mediante colocación acelerada - MarketScreener España,DESCARTADO,score=0 | flags=sin_senales | acrónimo ambiguo sin contexto
19/03/2026 15:11:15,ECUADOR,CIES,Inteligencia,"""Ecuador"" FARC campamento ataque entrenamiento disidencias",Ecuador y Estados Unidos destruyen un campamento de las disidencias de las Farc en frontera con Colombia y capturan a cabecilla - MSN,ACEPTADO,"score=3 | flags=pais,positivo | Ecuador fuerte"
19/03/2026 15:11:17,ECUADOR,CIES,Inteligencia,"(""CNI"" OR ""CIES"" OR ""Ecuador"") (""intelligence"" OR ""spy"" OR ""espionage"" OR ""cyber attack"" OR ""security service"" OR ""counterintelligence"" OR ""inteligencia"" OR ""espia"" OR ""espía"" OR ""espionaje"" OR ""ciberataque"" OR ""servicio de seguridad"" OR ""contrainteligencia"")",Un juez pide desclasificar datos del CNI por presunto espionaje a exdiputados de la CUP - The Objective,ACEPTADO,"score=3 | flags=positivo,radar | Ecuador fuerte"
19/03/2026 15:11:19,ECUADOR,CIES,Inteligencia,"(""CNI"" OR ""CIES"" OR ""Ecuador"") (""intelligence"" OR ""spy"" OR ""espionage"" OR ""cyber attack"" OR ""security service"" OR ""counterintelligence"" OR ""inteligencia"" OR ""espia"" OR ""espía"" OR ""espionaje"" OR ""ciberataque"" OR ""servicio de seguridad"" OR ""contrainteligencia"")",Juez pide desclasificar datos del CNI por espionaje a la CUP - Estrella Digital,ACEPTADO,"score=3 | flags=positivo,radar | Ecuador fuerte"
19/03/2026 15:11:20,ESPAÑA,CNI,Inteligencia,"(""CNI"" OR ""Centro Nacional de Inteligencia"") España",Un juez pide desclasificar documentos del CNI por el espionaje con Pegasus a la CUP - Infobae,ACEPTADO,"score=3 | flags=positivo,radar | España CNI fuerte"
19/03/2026 15:11:22,ESPAÑA,CNI,Inteligencia,"(""CNI"" OR ""Centro Nacional de Inteligencia"") España","Mario Casas detalla el trabajo del CNI en ‘El Hormiguero’: “Ellos mienten a todos, son realmente actores” - Infobae",DESCARTADO,score=2 | flags=positivo | España CNI ruido o colisión externa
19/03/2026 15:11:23,ESPAÑA,CNI,Inteligencia,"(""CNI"" OR ""Centro Nacional de Inteligencia"") (espionaje OR inteligencia OR spy OR espionage)",Juez pide desclasificar datos del CNI por espionaje a la CUP - Estrella Digital,DESCARTADO,"score=3 | flags=positivo,radar | España CNI ruido o colisión externa"
19/03/2026 15:11:23,ESPAÑA,CNI,Inteligencia,"(""CNI"" OR ""Centro Nacional de Inteligencia"") (espionaje OR inteligencia OR spy OR espionage)",Un juez requiere al Gobierno la desclasificación de documentos del CNI por presunto espionaje con Pegasus a exdiputados de la CUP - El Periódico,ACEPTADO,"score=3 | flags=positivo,radar | España CNI fuerte"
19/03/2026 15:11:24,ESPAÑA,CNI,Inteligencia,"(""CNI"" OR ""Centro Nacional de Inteligencia"") (espionaje OR inteligencia OR spy OR espionage)",Un juez pide desclasificar datos del CNI por presunto espionaje con Pegasus a exdiputados de la CUP - Europa Press,ACEPTADO,"score=3 | flags=positivo,radar | España CNI fuerte"
19/03/2026 15:11:25,ESPAÑA,CNI,Inteligencia,"(""CNI"" OR ""Centro Nacional de Inteligencia"") (espionaje OR inteligencia OR spy OR espionage)",Un juez pide desclasificar documentos del CNI por el espionaje con Pegasus a la CUP - Infobae,ACEPTADO,"score=3 | flags=positivo,radar | España CNI fuerte"
19/03/2026 15:11:26,ESPAÑA,CNI,Inteligencia,"(""CNI"" OR ""Centro Nacional de Inteligencia"") (espionaje OR inteligencia OR spy OR espionage)",Un juez ordena desclasificar documentos del CNI por presunto espionaje con Pegasus a exdiputados de la CUP - CatalunyaPress,ACEPTADO,"score=3 | flags=positivo,radar | España CNI fuerte"
19/03/2026 15:11:28,ESTADOS UNIDOS,FBI,Ciberinteligencia,FBI counterintelligence,"Joe Kent, ex-Trump counterterrorism chief who resigned over Iran war, under FBI investigation for alleged leaks - CBS News",DESCARTADO,"score=4 | flags=positivo,ciber,ciber_actor | FBI ruido político"
19/03/2026 15:11:30,ESTADOS UNIDOS,FBI,Ciberinteligencia,FBI intelligence,FBI conducting leak investigation into former Trump official who resigned over Iran war - NBC News,DESCARTADO,"score=4 | flags=positivo,ciber,ciber_actor | FBI ruido político"
19/03/2026 15:11:30,ESTADOS UNIDOS,FBI,Inteligencia,FBI intelligence,Exclusive / FBI investigates intelligence aide who resigned over war - Semafor,ACEPTADO,"score=4 | flags=pais,positivo,radar | FBI fuerte"
19/03/2026 15:11:34,ESTADOS UNIDOS,FBI,Inteligencia,FBI dark web,"More than 6,200 missing children have been located over past year, FBI says - Baltimore Sun",ACEPTADO,score=2 | flags=positivo | FBI fuerte
19/03/2026 15:11:37,ESTADOS UNIDOS,FBI,Inteligencia,FBI classified,Exclusive / FBI investigates intelligence aide who resigned over war - Semafor,ACEPTADO,"score=4 | flags=pais,positivo,radar | FBI fuerte"
19/03/2026 15:11:37,ESTADOS UNIDOS,FBI,Ciberinteligencia,FBI classified,"Joe Kent, ex-Trump counterterrorism chief who resigned over Iran war, under FBI investigation for alleged leaks - CBS News",DESCARTADO,"score=4 | flags=positivo,ciber,ciber_actor | FBI ruido político"
19/03/2026 15:11:38,ESTADOS UNIDOS,FBI,Ciberinteligencia,FBI classified,Former counter-terrorism head investigated by FBI over alleged leaks - BBC,ACEPTADO,"score=4 | flags=positivo,ciber,ciber_actor | FBI fuerte"
19/03/2026 15:11:39,ESTADOS UNIDOS,FBI,Ciberinteligencia,FBI classified,FBI investigates ex-U.S. Counterterrorism Center head Joe Kent for alleged leaks - Axios,ACEPTADO,"score=5 | flags=pais,positivo,ciber,ciber_actor | FBI fuerte"
19/03/2026 15:11:39,ESTADOS UNIDOS,FBI,Ciberinteligencia,FBI classified,FBI investigating Kent over allegedly leaking classified information - The Hill,ACEPTADO,"score=4 | flags=positivo,ciber,ciber_actor | FBI fuerte"
19/03/2026 15:11:40,ESTADOS UNIDOS,FBI,Inteligencia,FBI classified,"FBI investigating former counterterror chief Joe Kent, reports say - MS NOW",ACEPTADO,score=2 | flags=positivo | FBI fuerte
19/03/2026 15:11:41,ESTADOS UNIDOS,FBI,Ciberinteligencia,FBI classified,FBI conducting leak investigation into former Trump official who resigned over Iran war - NBC News,DESCARTADO,"score=4 | flags=positivo,ciber,ciber_actor | FBI ruido político"
19/03/2026 15:11:42,ESTADOS UNIDOS,FBI,Inteligencia,FBI classified,FBI investigating Trump official who resigned over Iran war: Sources - NewsNation,DESCARTADO,score=2 | flags=positivo | FBI ruido político
19/03/2026 15:11:44,ESTADOS UNIDOS,FBI,Ciberinteligencia,"(""FBI"" OR DOJ OR ""Department of Justice"") (dismantled OR dismantlement OR takedown OR seized OR charged) (hacker OR ransomware OR botnet OR forum)",FBI seized Handala domains and disrupted pro Iranian hacker operations - mezha.net,ACEPTADO,"score=6 | flags=positivo,ciber,ciber_operacion,ciber_actor,radar | Ciberinteligencia fuerte"
19/03/2026 15:11:45,ESTADOS UNIDOS,FBI,Inteligencia,FBI office opened,FBI Opens Office in Ecuador as U.S. Strengthens Security Relations - The Presidential Prayer Team,ACEPTADO,"score=3 | flags=pais,positivo | FBI fuerte"
19/03/2026 15:11:47,ESTADOS UNIDOS,FBI,Inteligencia,FBI office Ecuador,FBI Opens Office in Ecuador as U.S. Strengthens Security Relations - The Presidential Prayer Team,ACEPTADO,"score=3 | flags=pais,positivo | FBI fuerte"
19/03/2026 15:11:50,ESTADOS UNIDOS,FBI,Inteligencia,"FBI ""Kash Patel"" intelligence",Kash Patel admits under oath FBI is buying location data on Americans - The Guardian,DESCARTADO,"score=3 | flags=pais,positivo | FBI ruido político"
19/03/2026 15:11:51,ESTADOS UNIDOS,FBI,Inteligencia,"FBI ""Kash Patel"" intelligence","FBI is buying data that can be used to track people, Patel says - Politico",ACEPTADO,"score=3 | flags=pais,positivo | FBI fuerte"
19/03/2026 15:11:52,ESTADOS UNIDOS,FBI,Inteligencia,"FBI ""Kash Patel"" intelligence",Kash Patel Brags That the FBI Is Buying Your Location Data - The New Republic,DESCARTADO,score=2 | flags=positivo | FBI ruido político
19/03/2026 15:11:52,ESTADOS UNIDOS,FBI,Inteligencia,"FBI ""Kash Patel"" intelligence",Kash Patel says the FBI is buying Americans’ location data - The Verge,DESCARTADO,"score=3 | flags=pais,positivo | FBI ruido político"
19/03/2026 15:11:53,ESTADOS UNIDOS,FBI,Inteligencia,"FBI ""Kash Patel"" intelligence",Kash Patel Admits the FBI is Buying Private Data on Americans - Gizmodo,DESCARTADO,"score=3 | flags=pais,positivo | FBI ruido político"
19/03/2026 15:11:54,ESTADOS UNIDOS,FBI,Inteligencia,"FBI ""Kash Patel"" intelligence",Tulsi Gabbard says Iran's government still intact but refuses to discuss talks with Trump about war - AP News,DESCARTADO,score=1 | flags=pais | FBI ruido político
19/03/2026 15:11:55,ESTADOS UNIDOS,FBI,Ciberinteligencia,"(""FBI"") (terrorism OR terrorist OR extremism OR ""terror investigation"" OR ""terror probe"" OR ""terror attack"")",Former counter-terrorism head investigated by FBI over alleged leaks - BBC,ACEPTADO,"score=4 | flags=positivo,ciber,ciber_actor | FBI fuerte"
19/03/2026 15:11:56,ESTADOS UNIDOS,FBI,Ciberinteligencia,"(""FBI"") (terrorism OR terrorist OR extremism OR ""terror investigation"" OR ""terror probe"" OR ""terror attack"")","Joe Kent, ex-Trump counterterrorism chief who resigned over Iran war, under FBI investigation for alleged leaks - CBS News",DESCARTADO,"score=4 | flags=positivo,ciber,ciber_actor | FBI ruido político"
19/03/2026 15:11:56,ESTADOS UNIDOS,FBI,Inteligencia,"(""FBI"") (terrorism OR terrorist OR extremism OR ""terror investigation"" OR ""terror probe"" OR ""terror attack"")","FBI investigating US counter-terrorism chief who resigned over Iran war, reports say - The Guardian",ACEPTADO,"score=3 | flags=pais,positivo | FBI fuerte"
19/03/2026 15:11:58,ESTADOS UNIDOS,FBI,Inteligencia,"(""FBI"") (terrorism OR terrorist OR extremism OR ""terror investigation"" OR ""terror probe"" OR ""terror attack"")",CBS News: FBI and IRS to Probe Nonprofits over Possible Links to “Domestic Terrorism” - Democracy Now!,ACEPTADO,score=2 | flags=positivo | FBI fuerte
19/03/2026 15:11:59,ESTADOS UNIDOS,FBI,Ciberinteligencia,"(""FBI"") (terrorism OR terrorist OR extremism OR ""terror investigation"" OR ""terror probe"" OR ""terror attack"")",FBI conducting leak investigation into former Trump official who resigned over Iran war - NBC News,DESCARTADO,"score=4 | flags=positivo,ciber,ciber_actor | FBI ruido político"
19/03/2026 15:11:59,ESTADOS UNIDOS,FBI,Ciberinteligencia,"(""FBI"") (terrorism OR terrorist OR extremism OR ""terror investigation"" OR ""terror probe"" OR ""terror attack"")","FBI launches 'leak' investigation into top counterterrorism official who resigned over Iran war, reports say - KGW",ACEPTADO,"score=4 | flags=positivo,ciber,ciber_actor | FBI fuerte"
19/03/2026 15:12:00,ESTADOS UNIDOS,FBI,Ciberinteligencia,"(""FBI"") (terrorism OR terrorist OR extremism OR ""terror investigation"" OR ""terror probe"" OR ""terror attack"")","FBI investigating whether departed counterterrorism official leaked classified info, source says - WLKY",ACEPTADO,"score=4 | flags=positivo,ciber,ciber_actor | FBI fuerte"
19/03/2026 15:12:01,ESTADOS UNIDOS,FBI,Inteligencia,"(""FBI"") (terrorism OR terrorist OR extremism OR ""terror investigation"" OR ""terror probe"" OR ""terror attack"")",FBI investigating ex-National Counter-Terrorism Center Director Joe Kent - KHOU,ACEPTADO,score=2 | flags=positivo | FBI fuerte
19/03/2026 15:12:03,ESTADOS UNIDOS,DIA / ODNI,Inteligencia,"(""DIA / ODNI"" OR ""Director of National Intelligence "" OR ""ESTADOS UNIDOS"") (""intelligence"" OR ""spy"" OR ""espionage"" OR ""cyber attack"" OR ""security service"" OR ""counterintelligence"" OR ""inteligencia"" OR ""espia"" OR ""espía"" OR ""espionaje"" OR ""ciberataque"" OR ""servicio de seguridad"" OR ""contrainteligencia"")",U.S. Intelligence Saw No Change in Iran’s Missile Capabilities Before War - The New York Times,DESCARTADO,"score=2 | flags=pais,radar | Regla general insuficiente o ruido"
19/03/2026 15:12:04,ESTADOS UNIDOS,DIA / ODNI,Inteligencia,"(""DIA / ODNI"" OR ""Director of National Intelligence "" OR ""ESTADOS UNIDOS"") (""intelligence"" OR ""spy"" OR ""espionage"" OR ""cyber attack"" OR ""security service"" OR ""counterintelligence"" OR ""inteligencia"" OR ""espia"" OR ""espía"" OR ""espionaje"" OR ""ciberataque"" OR ""servicio de seguridad"" OR ""contrainteligencia"")","Sen. Ossoff Presses Director of National Intelligence on Imminent Threat Posed by Iran, Fulton County Raid - Senator Jon Ossoff (.gov)",ACEPTADO,"score=5 | flags=nombre,radar | Regla general"
19/03/2026 15:12:05,ESTADOS UNIDOS,DIA / ODNI,Inteligencia,"(""DIA / ODNI"" OR ""Director of National Intelligence "" OR ""ESTADOS UNIDOS"") (""intelligence"" OR ""spy"" OR ""espionage"" OR ""cyber attack"" OR ""security service"" OR ""counterintelligence"" OR ""inteligencia"" OR ""espia"" OR ""espía"" OR ""espionaje"" OR ""ciberataque"" OR ""servicio de seguridad"" OR ""contrainteligencia"")",Director of National Intelligence Tulsi Gabbard faces questioning on Capitol Hill - 100.3 The Wolf,ACEPTADO,"score=5 | flags=nombre,radar | Regla general"
19/03/2026 15:12:06,ESTADOS UNIDOS,DIA / ODNI,Inteligencia,"(""DIA / ODNI"" OR ""Director of National Intelligence "" OR ""ESTADOS UNIDOS"") (""intelligence"" OR ""spy"" OR ""espionage"" OR ""cyber attack"" OR ""security service"" OR ""counterintelligence"" OR ""inteligencia"" OR ""espia"" OR ""espía"" OR ""espionaje"" OR ""ciberataque"" OR ""servicio de seguridad"" OR ""contrainteligencia"")","What’s a Threat? Gabbard Says It’s Up to Trump, on Iran and Elsewhere. - The New York Times",DESCARTADO,score=0 | flags=sin_senales | Regla general insuficiente o ruido
19/03/2026 15:12:08,ESTADOS UNIDOS,CIA,Inteligencia,"CIA ""intelligence"" OR ""agency"" OR ""drone"" OR ""Iran"" OR ""Riyadh"" OR ""strike"" OR ""Kurd""",U.S. Intelligence Saw No Change in Iran’s Missile Capabilities Before War - The New York Times,DESCARTADO,"score=4 | flags=pais,positivo,radar | CIA ruido o contexto débil"
19/03/2026 15:12:08,ESTADOS UNIDOS,CIA,Inteligencia,"CIA ""intelligence"" OR ""agency"" OR ""drone"" OR ""Iran"" OR ""Riyadh"" OR ""strike"" OR ""Kurd""","CIA director confirms Iran seeking intelligence support from Russia, China - The Hill",ACEPTADO,"score=4 | flags=pais,positivo,radar | CIA fuerte"
19/03/2026 15:12:09,ESTADOS UNIDOS,CIA,Inteligencia,"CIA ""intelligence"" OR ""agency"" OR ""drone"" OR ""Iran"" OR ""Riyadh"" OR ""strike"" OR ""Kurd""",CIA Says Iran Sought Intelligence Support From China - The China-Global South Project,ACEPTADO,"score=3 | flags=positivo,radar | CIA fuerte"
19/03/2026 15:12:10,ESTADOS UNIDOS,CIA,Inteligencia,"CIA ""intelligence"" OR ""agency"" OR ""drone"" OR ""Iran"" OR ""Riyadh"" OR ""strike"" OR ""Kurd""","Intel chief Tulsi Gabbard says US, Israel have different ‘objectives’ in Iran war - NewsNation",DESCARTADO,"score=4 | flags=pais,positivo,radar | CIA ruido o contexto débil"
19/03/2026 15:12:10,ESTADOS UNIDOS,CIA,Inteligencia,"CIA ""intelligence"" OR ""agency"" OR ""drone"" OR ""Iran"" OR ""Riyadh"" OR ""strike"" OR ""Kurd""",Trump intel chief and CIA head contradict Iran strike justifications - The Independent,ACEPTADO,"score=4 | flags=pais,positivo,radar | CIA fuerte"
19/03/2026 15:12:11,ESTADOS UNIDOS,CIA,Inteligencia,"CIA ""intelligence"" OR ""agency"" OR ""drone"" OR ""Iran"" OR ""Riyadh"" OR ""strike"" OR ""Kurd""",Did Israel force Washington's hand in decision to attack Iran? CIA's Director has an answer - The Economic Times,ACEPTADO,score=2 | flags=positivo | CIA fuerte
19/03/2026 15:12:14,FRANCIA,DGSE,Inteligencia,"(""DGSE"" OR ""Direction Générale de la Sécurité Extérieure"" OR ""Direction Generale de la Securite Exterieure"")",Un ancien espion raconte comment la DGSE travaille en Iran - France Info,DESCARTADO,score=2 | flags=positivo | Francia/DGSE ruido o contexto débil
19/03/2026 15:12:16,FRANCIA,DGSE,Inteligencia,"(""DGSE"" OR ""renseignement français"" OR ""services secrets français"" OR ""french intelligence"")",Un ancien espion raconte comment la DGSE travaille en Iran - France Info,DESCARTADO,score=2 | flags=positivo | Francia/DGSE ruido o contexto débil
19/03/2026 15:12:18,FRANCIA,DGSE,Inteligencia,"(""DGSE"" OR ""Direction Générale de la Sécurité Extérieure"" OR ""french intelligence"" OR ""France"") (""intelligence"" OR ""spy"" OR ""espionage"" OR ""cyber attack"" OR ""security service"" OR ""counterintelligence"" OR ""inteligencia"" OR ""espia"" OR ""espía"" OR ""espionaje"" OR ""ciberataque"" OR ""servicio de seguridad"" OR ""contrainteligencia"")","Cinq millions d'emplois, soit un sur six, sont menacés par l'intelligence artificielle en France - Radio France",DESCARTADO,score=1 | flags=radar | Francia/DGSE ruido o contexto débil
19/03/2026 15:12:18,FRANCIA,DGSE,Inteligencia,"(""DGSE"" OR ""Direction Générale de la Sécurité Extérieure"" OR ""french intelligence"" OR ""France"") (""intelligence"" OR ""spy"" OR ""espionage"" OR ""cyber attack"" OR ""security service"" OR ""counterintelligence"" OR ""inteligencia"" OR ""espia"" OR ""espía"" OR ""espionaje"" OR ""ciberataque"" OR ""servicio de seguridad"" OR ""contrainteligencia"")","Intelligence artificielle : cinq millions d’emplois sont menacés en France, voici les métiers concernés - Ouest-France",DESCARTADO,score=1 | flags=radar | Francia/DGSE ruido o contexto débil
19/03/2026 15:12:19,FRANCIA,DGSE,Inteligencia,"(""DGSE"" OR ""Direction Générale de la Sécurité Extérieure"" OR ""french intelligence"" OR ""France"") (""intelligence"" OR ""spy"" OR ""espionage"" OR ""cyber attack"" OR ""security service"" OR ""counterintelligence"" OR ""inteligencia"" OR ""espia"" OR ""espía"" OR ""espionaje"" OR ""ciberataque"" OR ""servicio de seguridad"" OR ""contrainteligencia"")",L’Intelligence artificielle va-t-elle nous mettre au chômage ? - France Info,DESCARTADO,score=1 | flags=radar | Francia/DGSE ruido o contexto débil
19/03/2026 15:12:19,FRANCIA,DGSE,Inteligencia,"(""DGSE"" OR ""Direction Générale de la Sécurité Extérieure"" OR ""french intelligence"" OR ""France"") (""intelligence"" OR ""spy"" OR ""espionage"" OR ""cyber attack"" OR ""security service"" OR ""counterintelligence"" OR ""inteligencia"" OR ""espia"" OR ""espía"" OR ""espionaje"" OR ""ciberataque"" OR ""servicio de seguridad"" OR ""contrainteligencia"")",Intelligence artificielle : 5 millions d’emplois supprimés en France d’ici 2030 ? Cette étude qui inquiète - Sud Ouest,DESCARTADO,score=1 | flags=radar | Francia/DGSE ruido o contexto débil
19/03/2026 15:12:20,FRANCIA,DGSE,Inteligencia,"(""DGSE"" OR ""Direction Générale de la Sécurité Extérieure"" OR ""french intelligence"" OR ""France"") (""intelligence"" OR ""spy"" OR ""espionage"" OR ""cyber attack"" OR ""security service"" OR ""counterintelligence"" OR ""inteligencia"" OR ""espia"" OR ""espía"" OR ""espionaje"" OR ""ciberataque"" OR ""servicio de seguridad"" OR ""contrainteligencia"")","Demain dans vos agendas : intelligence artificielle, Croatie, tech, Made in France, automobile, luxe - Le Moci",DESCARTADO,score=1 | flags=radar | Francia/DGSE ruido o contexto débil
19/03/2026 15:12:20,FRANCIA,DGSE,Inteligencia,"(""DGSE"" OR ""Direction Générale de la Sécurité Extérieure"" OR ""french intelligence"" OR ""France"") (""intelligence"" OR ""spy"" OR ""espionage"" OR ""cyber attack"" OR ""security service"" OR ""counterintelligence"" OR ""inteligencia"" OR ""espia"" OR ""espía"" OR ""espionaje"" OR ""ciberataque"" OR ""servicio de seguridad"" OR ""contrainteligencia"")",Jeanologia développe une intelligence artificielle pour le design de jeans - FashionNetwork France,DESCARTADO,score=1 | flags=radar | Francia/DGSE ruido o contexto débil
19/03/2026 15:12:21,FRANCIA,DGSE,Inteligencia,"(""DGSE"" OR ""Direction Générale de la Sécurité Extérieure"" OR ""french intelligence"" OR ""France"") (""intelligence"" OR ""spy"" OR ""espionage"" OR ""cyber attack"" OR ""security service"" OR ""counterintelligence"" OR ""inteligencia"" OR ""espia"" OR ""espía"" OR ""espionaje"" OR ""ciberataque"" OR ""servicio de seguridad"" OR ""contrainteligencia"")","IA en France : les emplois de 5 millions de salariés menacés, le début de la fin ? - Les Numériques",DESCARTADO,score=-3 | flags=ruido_ai | Francia/DGSE ruido o contexto débil
19/03/2026 15:12:21,FRANCIA,DGSE,Inteligencia,"(""DGSE"" OR ""Direction Générale de la Sécurité Extérieure"" OR ""french intelligence"" OR ""France"") (""intelligence"" OR ""spy"" OR ""espionage"" OR ""cyber attack"" OR ""security service"" OR ""counterintelligence"" OR ""inteligencia"" OR ""espia"" OR ""espía"" OR ""espionaje"" OR ""ciberataque"" OR ""servicio de seguridad"" OR ""contrainteligencia"")",IA : le grand bouleversement à venir du marché du travail - Les Echos,DESCARTADO,score=-3 | flags=ruido_ai | Francia/DGSE ruido o contexto débil
19/03/2026 15:12:23,FRANCIA,DGSI,Inteligencia,"(""DGSI"" OR ""Direction Générale de la Sécurité Intérieure"" OR ""Direction Generale de la Securite Interieure"")",Flash ingérence économique : attention lors de vos séjours à l’étranger ! - Normandinamik,DESCARTADO,score=0 | flags=sin_senales | Francia ruido o contexto débil
19/03/2026 15:12:24,FRANCIA,DGSI,Inteligencia,"(""DGSI"" OR ""contre-espionnage"" OR ""contre-ingérence"" OR ""ingérence étrangère"")",Le candidat LFI à Roubaix visé par une tentative d’ingérence étrangère - 20 Minutes,DESCARTADO,score=0 | flags=sin_senales | Francia ruido o contexto débil
19/03/2026 15:12:24,FRANCIA,DGSI,Inteligencia,"(""DGSI"" OR ""contre-espionnage"" OR ""contre-ingérence"" OR ""ingérence étrangère"")","En Slovénie, le gouvernement dénonce une « opération d’ingérence étrangère » menée par une société israélienne juste avant les élections - Le Monde.fr",DESCARTADO,score=0 | flags=sin_senales | Francia ruido o contexto débil
19/03/2026 15:12:30,IRAN,VEVAK,Inteligencia,"(""VEVAK"" OR ""وزارت اطّلاعات جمهوری اسلامی ایران"" OR ""IRAN"") (""intelligence"" OR ""spy"" OR ""espionage"" OR ""cyber attack"" OR ""security service"" OR ""counterintelligence"" OR ""inteligencia"" OR ""espia"" OR ""espía"" OR ""espionaje"" OR ""ciberataque"" OR ""servicio de seguridad"" OR ""contrainteligencia"")",U.S. Intelligence Saw No Change in Iran’s Missile Capabilities Before War - The New York Times,DESCARTADO,"score=2 | flags=pais,radar | Irán ruido o contexto débil"
19/03/2026 15:12:32,IRAN,VEVAK,Inteligencia,"(""VEVAK"" OR ""وزارت اطّلاعات جمهوری اسلامی ایران"" OR ""IRAN"") (""intelligence"" OR ""spy"" OR ""espionage"" OR ""cyber attack"" OR ""security service"" OR ""counterintelligence"" OR ""inteligencia"" OR ""espia"" OR ""espía"" OR ""espionaje"" OR ""ciberataque"" OR ""servicio de seguridad"" OR ""contrainteligencia"")",Lawmakers press U.S. intelligence officials on Iran war as new strikes jolt oil markets - PBS,DESCARTADO,"score=2 | flags=pais,radar | Irán ruido o contexto débil"
19/03/2026 15:12:32,IRAN,VEVAK,Inteligencia,"(""VEVAK"" OR ""وزارت اطّلاعات جمهوری اسلامی ایران"" OR ""IRAN"") (""intelligence"" OR ""spy"" OR ""espionage"" OR ""cyber attack"" OR ""security service"" OR ""counterintelligence"" OR ""inteligencia"" OR ""espia"" OR ""espía"" OR ""espionaje"" OR ""ciberataque"" OR ""servicio de seguridad"" OR ""contrainteligencia"")",Tulsi Gabbard Grilled During Senate Intelligence Hearing on Iran - Military.com,DESCARTADO,"score=2 | flags=pais,radar | Irán ruido o contexto débil"
19/03/2026 15:12:33,IRAN,VEVAK,Inteligencia,"(""VEVAK"" OR ""وزارت اطّلاعات جمهوری اسلامی ایران"" OR ""IRAN"") (""intelligence"" OR ""spy"" OR ""espionage"" OR ""cyber attack"" OR ""security service"" OR ""counterintelligence"" OR ""inteligencia"" OR ""espia"" OR ""espía"" OR ""espionaje"" OR ""ciberataque"" OR ""servicio de seguridad"" OR ""contrainteligencia"")","Collins, King press intelligence leaders on Iran retaliation, Strait of Hormuz blockade - WGME",DESCARTADO,"score=2 | flags=pais,radar | Irán ruido o contexto débil"
19/03/2026 15:12:33,IRAN,VEVAK,Inteligencia,"(""VEVAK"" OR ""وزارت اطّلاعات جمهوری اسلامی ایران"" OR ""IRAN"") (""intelligence"" OR ""spy"" OR ""espionage"" OR ""cyber attack"" OR ""security service"" OR ""counterintelligence"" OR ""inteligencia"" OR ""espia"" OR ""espía"" OR ""espionaje"" OR ""ciberataque"" OR ""servicio de seguridad"" OR ""contrainteligencia"")","Live updates: Trump warns Iran after Qatar attack, threatens South Pars - NewsNation",DESCARTADO,score=1 | flags=pais | Irán ruido o contexto débil
19/03/2026 15:12:34,IRAN,VEVAK,Ciberinteligencia,"(""VEVAK"" OR ""وزارت اطّلاعات جمهوری اسلامی ایران"" OR ""IRAN"") (""intelligence"" OR ""spy"" OR ""espionage"" OR ""cyber attack"" OR ""security service"" OR ""counterintelligence"" OR ""inteligencia"" OR ""espia"" OR ""espía"" OR ""espionaje"" OR ""ciberataque"" OR ""servicio de seguridad"" OR ""contrainteligencia"")",Orthodox Jewish news site Yeshiva World News hacked after threats of Iran cyber attack - New York Post,ACEPTADO,"score=3 | flags=pais,ciber,radar | Irán fuerte"
19/03/2026 15:12:34,IRAN,VEVAK,Inteligencia,"(""VEVAK"" OR ""وزارت اطّلاعات جمهوری اسلامی ایران"" OR ""IRAN"") (""intelligence"" OR ""spy"" OR ""espionage"" OR ""cyber attack"" OR ""security service"" OR ""counterintelligence"" OR ""inteligencia"" OR ""espia"" OR ""espía"" OR ""espionaje"" OR ""ciberataque"" OR ""servicio de seguridad"" OR ""contrainteligencia"")",Israel says it killed Iran's intelligence minister - Axios,DESCARTADO,"score=2 | flags=pais,radar | Irán ruido o contexto débil"
19/03/2026 15:12:35,IRAN,VEVAK,Inteligencia,"(""VEVAK"" OR ""وزارت اطّلاعات جمهوری اسلامی ایران"" OR ""IRAN"") (""intelligence"" OR ""spy"" OR ""espionage"" OR ""cyber attack"" OR ""security service"" OR ""counterintelligence"" OR ""inteligencia"" OR ""espia"" OR ""espía"" OR ""espionaje"" OR ""ciberataque"" OR ""servicio de seguridad"" OR ""contrainteligencia"")","Sen. Ossoff Presses Director of National Intelligence on Imminent Threat Posed by Iran, Fulton County Raid - Senator Jon Ossoff (.gov)",DESCARTADO,"score=2 | flags=pais,radar | Irán ruido o contexto débil"
19/03/2026 15:12:37,ISRAEL,MOSSAD,Inteligencia,"(""MOSSAD"" OR ""הַמּוֹסָד‎"")","Exclusive | Israel Is Hunting Down Iranian Regime Members in Their Hideouts, One by One - WSJ",DESCARTADO,"score=3 | flags=pais,positivo | Israel ruido o contexto débil"
19/03/2026 15:12:37,ISRAEL,MOSSAD,Inteligencia,"(""MOSSAD"" OR ""הַמּוֹסָד‎"")","Mossad slams regime for using mosques as headquarters, weapons depots - The Jerusalem Post",ACEPTADO,score=2 | flags=positivo | Israel fuerte
19/03/2026 15:12:38,ISRAEL,MOSSAD,Inteligencia,"(""MOSSAD"" OR ""הַמּוֹסָד‎"")",Israel said threatening Iranian officers on the phone as part of efforts to stir unrest - The Times of Israel,DESCARTADO,"score=3 | flags=pais,positivo | Israel ruido o contexto débil"
19/03/2026 15:12:38,ISRAEL,MOSSAD,Inteligencia,"(""MOSSAD"" OR ""הַמּוֹסָד‎"")",Israel kills more Iranian leaders: Former Mossad analyst Sima Shine on what's next in the Iran war - CNBC,ACEPTADO,"score=3 | flags=pais,positivo | Israel fuerte"
19/03/2026 15:12:40,ISRAEL,MOSSAD,Inteligencia,"(""MOSSAD"" OR ""הַמּוֹסָד‎"")",Mossad Threatens Iranian Officers With Personal Details to Undermine Regime Morale - 조선일보,ACEPTADO,score=2 | flags=positivo | Israel fuerte
19/03/2026 15:12:40,ISRAEL,MOSSAD,Inteligencia,"(""MOSSAD"" OR ""הַמּוֹסָד‎"")",Stand with your people or die': Inside the Mossad campaign against the regime - ynetnews,ACEPTADO,score=2 | flags=positivo | Israel fuerte
19/03/2026 15:12:42,ISRAEL,MOSSAD,Inteligencia,"(""MOSSAD"" OR ""הַמּוֹסָד‎"") (""intelligence"" OR ""spy"" OR ""espionage"" OR ""cyber attack"" OR ""security service"" OR ""counterintelligence"" OR ""inteligencia"" OR ""espia"" OR ""espía"" OR ""espionaje"" OR ""ciberataque"" OR ""servicio de seguridad"" OR ""contrainteligencia"")",Iran executes man accused of spying for Mossad - The Times of Israel,ACEPTADO,"score=4 | flags=pais,positivo,radar | Israel fuerte"
19/03/2026 15:12:43,ISRAEL,MOSSAD,Inteligencia,"(""MOSSAD"" OR ""הַמּוֹסָד‎"") (""intelligence"" OR ""spy"" OR ""espionage"" OR ""cyber attack"" OR ""security service"" OR ""counterintelligence"" OR ""inteligencia"" OR ""espia"" OR ""espía"" OR ""espionaje"" OR ""ciberataque"" OR ""servicio de seguridad"" OR ""contrainteligencia"")","Iran Executes Mossad Spy, Kourosh Keyvani - WANA News Agency",ACEPTADO,"score=3 | flags=positivo,radar | Israel fuerte"
19/03/2026 15:12:44,ISRAEL,MOSSAD,Inteligencia,"(""MOSSAD"" OR ""הַמּוֹסָד‎"") (""intelligence"" OR ""spy"" OR ""espionage"" OR ""cyber attack"" OR ""security service"" OR ""counterintelligence"" OR ""inteligencia"" OR ""espia"" OR ""espía"" OR ""espionaje"" OR ""ciberataque"" OR ""servicio de seguridad"" OR ""contrainteligencia"")",Iran executes alleged Mossad spy amid war - MSN,ACEPTADO,"score=3 | flags=positivo,radar | Israel fuerte"
19/03/2026 15:12:45,ISRAEL,MOSSAD,Inteligencia,"(""MOSSAD"" OR ""הַמּוֹסָד‎"") (""intelligence"" OR ""spy"" OR ""espionage"" OR ""cyber attack"" OR ""security service"" OR ""counterintelligence"" OR ""inteligencia"" OR ""espia"" OR ""espía"" OR ""espionaje"" OR ""ciberataque"" OR ""servicio de seguridad"" OR ""contrainteligencia"")",Eli Cohen Mossad Spy: How Israel’s Top Agent Infiltrated Syria and Helped Win the Six-Day War - Vision Times,ACEPTADO,"score=4 | flags=pais,positivo,radar | Israel fuerte"
19/03/2026 15:12:45,ISRAEL,MOSSAD,Inteligencia,"(""MOSSAD"" OR ""הַמּוֹסָד‎"") (""intelligence"" OR ""spy"" OR ""espionage"" OR ""cyber attack"" OR ""security service"" OR ""counterintelligence"" OR ""inteligencia"" OR ""espia"" OR ""espía"" OR ""espionaje"" OR ""ciberataque"" OR ""servicio de seguridad"" OR ""contrainteligencia"")",Iran executes man accused of spying for Israel’s Mossad as war rages - New York Post,ACEPTADO,"score=4 | flags=pais,positivo,radar | Israel fuerte"
19/03/2026 15:12:46,ISRAEL,MOSSAD,Inteligencia,"(""MOSSAD"" OR ""הַמּוֹסָד‎"") (""intelligence"" OR ""spy"" OR ""espionage"" OR ""cyber attack"" OR ""security service"" OR ""counterintelligence"" OR ""inteligencia"" OR ""espia"" OR ""espía"" OR ""espionaje"" OR ""ciberataque"" OR ""servicio de seguridad"" OR ""contrainteligencia"")",Spy for the Zionist regime': Iran executes Mossad man arrested during 12-day war: Who is he - WION,ACEPTADO,"score=3 | flags=positivo,radar | Israel fuerte"
19/03/2026 15:12:47,ISRAEL,SHIN BET,Inteligencia,"""SHIN BET"" ISRAEL",What the embattled U.S. Secret Service can learn from Israel’s Shin Bet - JNS.org,ACEPTADO,"score=4 | flags=pais,positivo,radar | Israel fuerte"
19/03/2026 15:12:50,ISRAEL,SHIN BET,Inteligencia,"(""SHIN BET"" OR ""שירות הביטחון הכללי"" OR ""ISRAEL"") (""intelligence"" OR ""spy"" OR ""espionage"" OR ""cyber attack"" OR ""security service"" OR ""counterintelligence"" OR ""inteligencia"" OR ""espia"" OR ""espía"" OR ""espionaje"" OR ""ciberataque"" OR ""servicio de seguridad"" OR ""contrainteligencia"")",Israel says it killed Iran's intelligence minister - Axios,ACEPTADO,"score=4 | flags=pais,positivo,radar | Israel fuerte"
19/03/2026 15:12:51,ISRAEL,SHIN BET,Inteligencia,"(""SHIN BET"" OR ""שירות הביטחון הכללי"" OR ""ISRAEL"") (""intelligence"" OR ""spy"" OR ""espionage"" OR ""cyber attack"" OR ""security service"" OR ""counterintelligence"" OR ""inteligencia"" OR ""espia"" OR ""espía"" OR ""espionaje"" OR ""ciberataque"" OR ""servicio de seguridad"" OR ""contrainteligencia"")","Israel Has Killed Esmaeil Khatib, Iran’s Intelligence Minister - The New York Times",ACEPTADO,"score=4 | flags=pais,positivo,radar | Israel fuerte"
19/03/2026 15:12:52,ISRAEL,SHIN BET,Inteligencia,"(""SHIN BET"" OR ""שירות הביטחון הכללי"" OR ""ISRAEL"") (""intelligence"" OR ""spy"" OR ""espionage"" OR ""cyber attack"" OR ""security service"" OR ""counterintelligence"" OR ""inteligencia"" OR ""espia"" OR ""espía"" OR ""espionaje"" OR ""ciberataque"" OR ""servicio de seguridad"" OR ""contrainteligencia"")",Israel says it has killed Iran’s intelligence minister in third assassination in two days - CNBC,ACEPTADO,"score=4 | flags=pais,positivo,radar | Israel fuerte"
19/03/2026 15:12:53,ISRAEL,SHIN BET,Ciberinteligencia,"(""SHIN BET"" OR ""שירות הביטחון הכללי"" OR ""ISRAEL"") (""intelligence"" OR ""spy"" OR ""espionage"" OR ""cyber attack"" OR ""security service"" OR ""counterintelligence"" OR ""inteligencia"" OR ""espia"" OR ""espía"" OR ""espionaje"" OR ""ciberataque"" OR ""servicio de seguridad"" OR ""contrainteligencia"")","Black Cube, leaked tapes and corruption: Israeli spy firm crashes Slovenia’s election - politico.eu",ACEPTADO,"score=5 | flags=pais,positivo,ciber,radar | Israel fuerte"
19/03/2026 15:12:53,ISRAEL,SHIN BET,Inteligencia,"(""SHIN BET"" OR ""שירות הביטחון הכללי"" OR ""ISRAEL"") (""intelligence"" OR ""spy"" OR ""espionage"" OR ""cyber attack"" OR ""security service"" OR ""counterintelligence"" OR ""inteligencia"" OR ""espia"" OR ""espía"" OR ""espionaje"" OR ""ciberataque"" OR ""servicio de seguridad"" OR ""contrainteligencia"")",Israel says Iranian Intelligence Minister Esmail Khatib has been killed - MS NOW,ACEPTADO,"score=4 | flags=pais,positivo,radar | Israel fuerte"
19/03/2026 15:12:54,ISRAEL,SHIN BET,Inteligencia,"(""SHIN BET"" OR ""שירות הביטחון הכללי"" OR ""ISRAEL"") (""intelligence"" OR ""spy"" OR ""espionage"" OR ""cyber attack"" OR ""security service"" OR ""counterintelligence"" OR ""inteligencia"" OR ""espia"" OR ""espía"" OR ""espionaje"" OR ""ciberataque"" OR ""servicio de seguridad"" OR ""contrainteligencia"")","Iran's intelligence minister Esmail Khatib killed in air strike, Israel says - BBC",ACEPTADO,"score=4 | flags=pais,positivo,radar | Israel fuerte"
19/03/2026 15:12:55,ISRAEL,SHIN BET,Inteligencia,"(""SHIN BET"" OR ""שירות הביטחון הכללי"" OR ""ISRAEL"") (""intelligence"" OR ""spy"" OR ""espionage"" OR ""cyber attack"" OR ""security service"" OR ""counterintelligence"" OR ""inteligencia"" OR ""espia"" OR ""espía"" OR ""espionaje"" OR ""ciberataque"" OR ""servicio de seguridad"" OR ""contrainteligencia"")",Israel kills Iranian intelligence chief and intensifies attacks on Lebanon - Vatican News,ACEPTADO,"score=4 | flags=pais,positivo,radar | Israel fuerte"
19/03/2026 15:12:56,ISRAEL,SHIN BET,Inteligencia,"(""SHIN BET"" OR ""שירות הביטחון הכללי"" OR ""ISRAEL"") (""intelligence"" OR ""spy"" OR ""espionage"" OR ""cyber attack"" OR ""security service"" OR ""counterintelligence"" OR ""inteligencia"" OR ""espia"" OR ""espía"" OR ""espionaje"" OR ""ciberataque"" OR ""servicio de seguridad"" OR ""contrainteligencia"")",Israel’s intelligence agencies brace for major changes - JNS.org,DESCARTADO,"score=2 | flags=pais,radar | Israel ruido o contexto débil"
19/03/2026 15:12:57,ITALIA,AISE,Sistema,"(""DIS"" OR ""AISE"" OR ""AISI"" OR ""Dipartimento delle Informazioni per la Sicurezza"" OR ""Agenzia Informazioni e Sicurezza Esterna"")","“from lab to market, from market to citizens”: a milano il seminario organizzato dalla camera di commercio italiana in canada - Aise.it - Agenzia Internazionale Stampa Estero",DESCARTADO,Italia: ruido Aise.it
19/03/2026 15:12:57,ITALIA,AISE,Inteligencia,"(""DIS"" OR ""AISE"" OR ""AISI"" OR ""Dipartimento delle Informazioni per la Sicurezza"" OR ""Agenzia Informazioni e Sicurezza Esterna"")","Adolescenti, Cnr: ""Dis-connessi, la solitudine è social"" - RaiNews",DESCARTADO,score=0 | flags=sin_senales | Italia ruido o contexto débil
19/03/2026 15:12:58,ITALIA,AISE,Sistema,"(""DIS"" OR ""AISE"" OR ""AISI"" OR ""Dipartimento delle Informazioni per la Sicurezza"" OR ""Agenzia Informazioni e Sicurezza Esterna"")",Cittadinanza: a Zurigo l’incontro informativo del Comites - Aise.it - Agenzia Internazionale Stampa Estero,DESCARTADO,Italia: ruido Aise.it
19/03/2026 15:12:58,ITALIA,AISE,Sistema,"(""DIS"" OR ""AISE"" OR ""AISI"" OR ""Dipartimento delle Informazioni per la Sicurezza"" OR ""Agenzia Informazioni e Sicurezza Esterna"")","a bruxelles nuova riunione informale promossa da meloni, jetten e frederiksen sul fenomeno migratorio - Aise.it - Agenzia Internazionale Stampa Estero",DESCARTADO,Italia: ruido Aise.it
19/03/2026 15:12:59,ITALIA,AISE,Sistema,"(""DIS"" OR ""AISE"" OR ""AISI"" OR ""Dipartimento delle Informazioni per la Sicurezza"" OR ""Agenzia Informazioni e Sicurezza Esterna"")",leggera diminuzione della vendita di vino e spumante nei supermercati italiani: -20 milioni di litri nel 2025 - Aise.it - Agenzia Internazionale Stampa Estero,DESCARTADO,Italia: ruido Aise.it
19/03/2026 15:12:59,ITALIA,AISE,Sistema,"(""DIS"" OR ""AISE"" OR ""AISI"" OR ""Dipartimento delle Informazioni per la Sicurezza"" OR ""Agenzia Informazioni e Sicurezza Esterna"")",nasce la facs facility ibbc-igb-ieomi: una piattaforma condivisa per la ricerca biomedica avanzata - Aise.it - Agenzia Internazionale Stampa Estero,DESCARTADO,Italia: ruido Aise.it
19/03/2026 15:13:00,ITALIA,AISE,Sistema,"(""DIS"" OR ""AISE"" OR ""AISI"" OR ""Dipartimento delle Informazioni per la Sicurezza"" OR ""Agenzia Informazioni e Sicurezza Esterna"")",Consiglio europeo: confronto tra Meloni Merz e De Wever sulla competitività europea - Aise.it - Agenzia Internazionale Stampa Estero,DESCARTADO,Italia: ruido Aise.it
19/03/2026 15:13:01,ITALIA,AISE,Sistema,"(""DIS"" OR ""AISE"" OR ""AISI"" OR ""Dipartimento delle Informazioni per la Sicurezza"" OR ""Agenzia Informazioni e Sicurezza Esterna"")",Tappa a Madrid per il roadshow internazionale della “Made in Italy Community” - Aise.it - Agenzia Internazionale Stampa Estero,DESCARTADO,Italia: ruido Aise.it
19/03/2026 15:13:03,ITALIA,AISE,Inteligencia,"(""DIS"" OR ""AISE"" OR ""AISI"" OR ""servicios secretos italianos"" OR ""inteligencia italiana"")",d'Amico vende hasta el 5% de DIS mediante colocación acelerada - MarketScreener España,DESCARTADO,score=0 | flags=sin_senales | Italia ruido o contexto débil
19/03/2026 15:13:05,ITALIA,AISE,Inteligencia,"(""DIS"" OR ""AISE"" OR ""AISI"" OR ""servicios secretos italianos"" OR ""inteligencia italiana"")",Dividendo de CHPY (YieldMax Semiconductor Option Income UCITS USD Dis) - Investing.com España,DESCARTADO,score=0 | flags=sin_senales | Italia ruido o contexto débil
19/03/2026 15:13:06,ITALIA ,DIS,Inteligencia,"(""DIS"" OR ""AISE"" OR ""AISI"" OR ""Dipartimento delle Informazioni per la Sicurezza"" OR ""Agenzia Informazioni e Sicurezza Esterna"")","“from lab to market, from market to citizens”: a milano il seminario organizzato dalla camera di commercio italiana in canada - Aise.it - Agenzia Internazionale Stampa Estero",DESCARTADO,"score=-1 | flags=pais,positivo,negativo | Italia ruido o contexto débil"
19/03/2026 15:13:08,ITALIA ,DIS,Inteligencia,"(""DIS"" OR ""AISE"" OR ""AISI"" OR ""Dipartimento delle Informazioni per la Sicurezza"" OR ""Agenzia Informazioni e Sicurezza Esterna"")","Adolescenti, Cnr: ""Dis-connessi, la solitudine è social"" - RaiNews",DESCARTADO,score=0 | flags=sin_senales | acrónimo ambiguo sin contexto
19/03/2026 15:13:08,ITALIA ,DIS,Inteligencia,"(""DIS"" OR ""AISE"" OR ""AISI"" OR ""Dipartimento delle Informazioni per la Sicurezza"" OR ""Agenzia Informazioni e Sicurezza Esterna"")",Cittadinanza: a Zurigo l’incontro informativo del Comites - Aise.it - Agenzia Internazionale Stampa Estero,DESCARTADO,"score=-2 | flags=positivo,negativo | Italia ruido o contexto débil"
19/03/2026 15:13:09,ITALIA ,DIS,Inteligencia,"(""DIS"" OR ""AISE"" OR ""AISI"" OR ""Dipartimento delle Informazioni per la Sicurezza"" OR ""Agenzia Informazioni e Sicurezza Esterna"")","a bruxelles nuova riunione informale promossa da meloni, jetten e frederiksen sul fenomeno migratorio - Aise.it - Agenzia Internazionale Stampa Estero",DESCARTADO,"score=-2 | flags=positivo,negativo | Italia ruido o contexto débil"
19/03/2026 15:13:09,ITALIA ,DIS,Inteligencia,"(""DIS"" OR ""AISE"" OR ""AISI"" OR ""Dipartimento delle Informazioni per la Sicurezza"" OR ""Agenzia Informazioni e Sicurezza Esterna"")",leggera diminuzione della vendita di vino e spumante nei supermercati italiani: -20 milioni di litri nel 2025 - Aise.it - Agenzia Internazionale Stampa Estero,DESCARTADO,"score=-1 | flags=pais,positivo,negativo | Italia ruido o contexto débil"
19/03/2026 15:13:10,ITALIA ,DIS,Inteligencia,"(""DIS"" OR ""AISE"" OR ""AISI"" OR ""Dipartimento delle Informazioni per la Sicurezza"" OR ""Agenzia Informazioni e Sicurezza Esterna"")",nasce la facs facility ibbc-igb-ieomi: una piattaforma condivisa per la ricerca biomedica avanzata - Aise.it - Agenzia Internazionale Stampa Estero,DESCARTADO,"score=-2 | flags=positivo,negativo | Italia ruido o contexto débil"
19/03/2026 15:13:10,ITALIA ,DIS,Inteligencia,"(""DIS"" OR ""AISE"" OR ""AISI"" OR ""Dipartimento delle Informazioni per la Sicurezza"" OR ""Agenzia Informazioni e Sicurezza Esterna"")",Consiglio europeo: confronto tra Meloni Merz e De Wever sulla competitività europea - Aise.it - Agenzia Internazionale Stampa Estero,DESCARTADO,"score=-2 | flags=positivo,negativo | Italia ruido o contexto débil"
19/03/2026 15:13:11,ITALIA ,DIS,Inteligencia,"(""DIS"" OR ""AISE"" OR ""AISI"" OR ""Dipartimento delle Informazioni per la Sicurezza"" OR ""Agenzia Informazioni e Sicurezza Esterna"")",Tappa a Madrid per il roadshow internazionale della “Made in Italy Community” - Aise.it - Agenzia Internazionale Stampa Estero,DESCARTADO,"score=-2 | flags=positivo,negativo | Italia ruido o contexto débil"
19/03/2026 15:13:13,ITALIA ,DIS,Inteligencia,"(""DIS"" OR ""AISE"" OR ""AISI"" OR ""servicios secretos italianos"" OR ""inteligencia italiana"")",d'Amico vende hasta el 5% de DIS mediante colocación acelerada - MarketScreener España,DESCARTADO,score=0 | flags=sin_senales | acrónimo ambiguo sin contexto
19/03/2026 15:13:14,ITALIA ,DIS,Inteligencia,"(""DIS"" OR ""AISE"" OR ""AISI"" OR ""servicios secretos italianos"" OR ""inteligencia italiana"")",Dividendo de CHPY (YieldMax Semiconductor Option Income UCITS USD Dis) - Investing.com España,DESCARTADO,score=0 | flags=sin_senales | acrónimo ambiguo sin contexto
19/03/2026 15:13:23,REINO UNIDO,MI6,Inteligencia,"(""MI6"") (spy OR spies OR espionage OR intelligence OR covert OR Russia OR Russian OR China OR Chinese OR Iran)","US have tracked Epstein's Moscow links since the 1970s, claims ex-MI6 Russia chief - MSN",ACEPTADO,score=2 | flags=positivo | Reino Unido fuerte
19/03/2026 15:13:27,REINO UNIDO,MI5,Inteligencia,"(""MI5"" OR ""British intelligence"" OR ""UK intelligence"" OR ""British Security Service"")","Ex-MI5 contractor had ninja-style training in swords and knives, court told - Sky News",ACEPTADO,score=2 | flags=positivo | Reino Unido fuerte
19/03/2026 15:13:28,REINO UNIDO,MI5,Inteligencia,"(""MI5"" OR ""British intelligence"" OR ""UK intelligence"" OR ""British Security Service"")",MI5 chief apologises to woman abused by violent neo-Nazi agent - The Justice Gap,ACEPTADO,score=2 | flags=positivo | Reino Unido fuerte
19/03/2026 15:13:29,REINO UNIDO,MI5,Inteligencia,"(""MI5"" OR ""British intelligence"" OR ""UK intelligence"" OR ""British Security Service"")",MI5: Official Secrets Exhibition Shortlisted For National Award - Wired-gov.net,ACEPTADO,score=2 | flags=positivo | Reino Unido fuerte
19/03/2026 15:13:31,RUSIA,FSB,Inteligencia,"(""FSB"" OR ""SVR"" OR ""GRU"") Russia (""intelligence"" OR ""security service"" OR ""espionage"" OR ""spy"" OR ""counterintelligence"")",Russia to step up security for military officials after string of assassinations - Reuters,DESCARTADO,score=1 | flags=pais | Rusia ruido o contexto débil
19/03/2026 15:13:32,RUSIA,FSB,Inteligencia,"(""FSB"" OR ""SVR"" OR ""GRU"") Russia (""intelligence"" OR ""security service"" OR ""espionage"" OR ""spy"" OR ""counterintelligence"")",Alekseev Assassination Attempt Reveals Russian Security Service Cracks - The Jamestown Foundation,ACEPTADO,"score=4 | flags=pais,positivo,radar | Rusia fuerte"
19/03/2026 15:13:33,RUSIA,FSB,Contrainteligencia,"(""FSB"" OR ""SVR"" OR ""GRU"") Russia (""intelligence"" OR ""security service"" OR ""espionage"" OR ""spy"" OR ""counterintelligence"")",Ukrainian Counterintelligence Arrests FSB-Belarusian Double Agent - Odessa Journal,ACEPTADO,"score=4 | flags=pais,positivo,radar | Rusia fuerte"
19/03/2026 15:13:34,RUSIA,FSB,Contrainteligencia,"(""FSB"" OR ""SVR"" OR ""GRU"") Russia (""intelligence"" OR ""security service"" OR ""espionage"" OR ""spy"" OR ""counterintelligence"")","Spies, Lies, and Video Clicks: The Warped World of Pro-Russian Disinformation in Europe - Organized Crime and Corruption Reporting Project | OCCRP",DESCARTADO,"score=2 | flags=pais,radar | Rusia ruido o contexto débil"
19/03/2026 15:13:36,RUSIA,FSB,Contrainteligencia,"""Russian intelligence"" OR ""Russian spy"" OR ""Russian spies"" OR ""Russian espionage""",Spylandia: How a Stretch of Florida Real Estate Has Become a Covert Corridor for Chinese and Russian Spies - Vanity Fair,ACEPTADO,"score=4 | flags=pais,positivo,radar | Rusia fuerte"
19/03/2026 15:13:37,RUSIA,FSB,Inteligencia,"""Russian intelligence"" OR ""Russian spy"" OR ""Russian spies"" OR ""Russian espionage""","Expert: After shutting down Telegram, Russian intelligence recruitment agencies to shift to other platforms - Ukrinform",ACEPTADO,"score=4 | flags=pais,positivo,radar | Rusia fuerte"
19/03/2026 15:13:38,RUSIA,FSB,Inteligencia,"""Russian intelligence"" OR ""Russian spy"" OR ""Russian spies"" OR ""Russian espionage""",‘Orchestrated ’: Ukraine slams arrest of 6 nationals by NIA on Russian intelligence | India News - Hindustan Times,ACEPTADO,"score=4 | flags=pais,positivo,radar | Rusia fuerte"
19/03/2026 15:13:40,RUSIA,FSB,Contrainteligencia,"""Russian intelligence"" OR ""Russian spy"" OR ""Russian spies"" OR ""Russian espionage""",How deep-cover Russian spies fooled the West for a century - MSN,DESCARTADO,"score=2 | flags=pais,radar | Rusia ruido o contexto débil"
19/03/2026 15:13:40,RUSIA,FSB,Inteligencia,"""Russian intelligence"" OR ""Russian spy"" OR ""Russian spies"" OR ""Russian espionage""","Russian Intelligence Behind NIA Crackdown On US National Matthew Vandyke, Six Ukrainians Linked To Myanmar Insurgency - Republic World",ACEPTADO,"score=4 | flags=pais,positivo,radar | Rusia fuerte"
19/03/2026 15:13:42,RUSIA,FSB,Inteligencia,"""Russian security service"" OR ""Russian security services"" OR ""Russian foreign intelligence"" OR ""Russian military intelligence""",Alekseev Assassination Attempt Reveals Russian Security Service Cracks - The Jamestown Foundation,ACEPTADO,"score=4 | flags=pais,positivo,radar | Rusia fuerte"
19/03/2026 15:13:46,RUSIA,FSB,Contrainteligencia,"Russia (""counterintelligence"" OR ""spy ring"" OR ""spy network"" OR ""intelligence operation"" OR ""espionage case"")",Ukrainian Counterintelligence Arrests FSB-Belarusian Double Agent - Odessa Journal,ACEPTADO,"score=4 | flags=pais,positivo,radar | Rusia fuerte"
19/03/2026 15:13:46,RUSIA,FSB,Contrainteligencia,"Russia (""counterintelligence"" OR ""spy ring"" OR ""spy network"" OR ""intelligence operation"" OR ""espionage case"")",Tale of Russian spy ring in Surrey brought to the Wick stage - SussexWorld,ACEPTADO,"score=4 | flags=pais,positivo,radar | Rusia fuerte"
19/03/2026 15:13:49,RUSIA,FSB,Contrainteligencia,"(""FSB"" OR ""SVR"" OR ""GRU"") Russia (""espionage"" OR ""spy"" OR ""intelligence operation"" OR ""covert operation"" OR ""counterintelligence"")",Ukrainian Counterintelligence Arrests FSB-Belarusian Double Agent - Odessa Journal,ACEPTADO,"score=4 | flags=pais,positivo,radar | Rusia fuerte"
19/03/2026 15:13:51,RUSIA,SVR,Inteligencia,"(""FSB"" OR ""SVR"" OR ""GRU"") Russia (""intelligence"" OR ""security service"" OR ""espionage"" OR ""spy"" OR ""counterintelligence"")",Russia to step up security for military officials after string of assassinations - Reuters,DESCARTADO,score=1 | flags=pais | Rusia ruido o contexto débil
19/03/2026 15:13:51,RUSIA,SVR,Inteligencia,"(""FSB"" OR ""SVR"" OR ""GRU"") Russia (""intelligence"" OR ""security service"" OR ""espionage"" OR ""spy"" OR ""counterintelligence"")",Alekseev Assassination Attempt Reveals Russian Security Service Cracks - The Jamestown Foundation,ACEPTADO,"score=4 | flags=pais,positivo,radar | Rusia fuerte"
19/03/2026 15:13:52,RUSIA,SVR,Contrainteligencia,"(""FSB"" OR ""SVR"" OR ""GRU"") Russia (""intelligence"" OR ""security service"" OR ""espionage"" OR ""spy"" OR ""counterintelligence"")",Ukrainian Counterintelligence Arrests FSB-Belarusian Double Agent - Odessa Journal,ACEPTADO,"score=4 | flags=pais,positivo,radar | Rusia fuerte"
19/03/2026 15:13:53,RUSIA,SVR,Contrainteligencia,"(""FSB"" OR ""SVR"" OR ""GRU"") Russia (""intelligence"" OR ""security service"" OR ""espionage"" OR ""spy"" OR ""counterintelligence"")","Spies, Lies, and Video Clicks: The Warped World of Pro-Russian Disinformation in Europe - Organized Crime and Corruption Reporting Project | OCCRP",DESCARTADO,"score=2 | flags=pais,radar | Rusia ruido o contexto débil"
19/03/2026 15:13:55,RUSIA,SVR,Contrainteligencia,"""Russian intelligence"" OR ""Russian spy"" OR ""Russian spies"" OR ""Russian espionage""",Spylandia: How a Stretch of Florida Real Estate Has Become a Covert Corridor for Chinese and Russian Spies - Vanity Fair,ACEPTADO,"score=4 | flags=pais,positivo,radar | Rusia fuerte"
19/03/2026 15:13:56,RUSIA,SVR,Inteligencia,"""Russian intelligence"" OR ""Russian spy"" OR ""Russian spies"" OR ""Russian espionage""","Expert: After shutting down Telegram, Russian intelligence recruitment agencies to shift to other platforms - Ukrinform",ACEPTADO,"score=4 | flags=pais,positivo,radar | Rusia fuerte"
19/03/2026 15:13:58,RUSIA,SVR,Inteligencia,"""Russian intelligence"" OR ""Russian spy"" OR ""Russian spies"" OR ""Russian espionage""",‘Orchestrated ’: Ukraine slams arrest of 6 nationals by NIA on Russian intelligence | India News - Hindustan Times,ACEPTADO,"score=4 | flags=pais,positivo,radar | Rusia fuerte"
19/03/2026 15:13:58,RUSIA,SVR,Contrainteligencia,"""Russian intelligence"" OR ""Russian spy"" OR ""Russian spies"" OR ""Russian espionage""",How deep-cover Russian spies fooled the West for a century - MSN,DESCARTADO,"score=2 | flags=pais,radar | Rusia ruido o contexto débil"
19/03/2026 15:13:59,RUSIA,SVR,Inteligencia,"""Russian intelligence"" OR ""Russian spy"" OR ""Russian spies"" OR ""Russian espionage""","Russian Intelligence Behind NIA Crackdown On US National Matthew Vandyke, Six Ukrainians Linked To Myanmar Insurgency - Republic World",ACEPTADO,"score=4 | flags=pais,positivo,radar | Rusia fuerte"
19/03/2026 15:14:01,RUSIA,SVR,Inteligencia,"""Russian security service"" OR ""Russian security services"" OR ""Russian foreign intelligence"" OR ""Russian military intelligence""",Alekseev Assassination Attempt Reveals Russian Security Service Cracks - The Jamestown Foundation,ACEPTADO,"score=4 | flags=pais,positivo,radar | Rusia fuerte"
19/03/2026 15:14:02,RUSIA,SVR,Contrainteligencia,"Russia (""counterintelligence"" OR ""spy ring"" OR ""spy network"" OR ""intelligence operation"" OR ""espionage case"")",Ukrainian Counterintelligence Arrests FSB-Belarusian Double Agent - Odessa Journal,ACEPTADO,"score=4 | flags=pais,positivo,radar | Rusia fuerte"
19/03/2026 15:14:03,RUSIA,SVR,Contrainteligencia,"Russia (""counterintelligence"" OR ""spy ring"" OR ""spy network"" OR ""intelligence operation"" OR ""espionage case"")",Tale of Russian spy ring in Surrey brought to the Wick stage - SussexWorld,ACEPTADO,"score=4 | flags=pais,positivo,radar | Rusia fuerte"
19/03/2026 15:14:04,RUSIA,SVR,Contrainteligencia,"(""FSB"" OR ""SVR"" OR ""GRU"") Russia (""espionage"" OR ""spy"" OR ""intelligence operation"" OR ""covert operation"" OR ""counterintelligence"")",Ukrainian Counterintelligence Arrests FSB-Belarusian Double Agent - Odessa Journal,ACEPTADO,"score=4 | flags=pais,positivo,radar | Rusia fuerte"
19/03/2026 15:14:08,VENEZUELA,DGCIM,Inteligencia,"(""DGCIM"" OR ""Dirección General de Contrainteligencia Militar"" OR ""VENEZUELA"") (""intelligence"" OR ""spy"" OR ""espionage"" OR ""cyber attack"" OR ""security service"" OR ""counterintelligence"" OR ""inteligencia"" OR ""espia"" OR ""espía"" OR ""espionaje"" OR ""ciberataque"" OR ""servicio de seguridad"" OR ""contrainteligencia"")","Gustavo González López, from key man of Chavista espionage to Venezuela’s defense minister - EL PAÍS English",DESCARTADO,"score=2 | flags=pais,radar | Regla general insuficiente o ruido"
19/03/2026 15:14:08,VENEZUELA,DGCIM,Inteligencia,"(""DGCIM"" OR ""Dirección General de Contrainteligencia Militar"" OR ""VENEZUELA"") (""intelligence"" OR ""spy"" OR ""espionage"" OR ""cyber attack"" OR ""security service"" OR ""counterintelligence"" OR ""inteligencia"" OR ""espia"" OR ""espía"" OR ""espionaje"" OR ""ciberataque"" OR ""servicio de seguridad"" OR ""contrainteligencia"")",Venezuela's acting president names new defense chief to replace longtime Maduro loyalist - PBS,DESCARTADO,score=1 | flags=pais | Regla general insuficiente o ruido
19/03/2026 15:14:09,VENEZUELA,DGCIM,Inteligencia,"(""DGCIM"" OR ""Dirección General de Contrainteligencia Militar"" OR ""VENEZUELA"") (""intelligence"" OR ""spy"" OR ""espionage"" OR ""cyber attack"" OR ""security service"" OR ""counterintelligence"" OR ""inteligencia"" OR ""espia"" OR ""espía"" OR ""espionaje"" OR ""ciberataque"" OR ""servicio de seguridad"" OR ""contrainteligencia"")",Venezuela's acting president replaces longtime defense minister with intelligence head - NBC News,DESCARTADO,"score=2 | flags=pais,radar | Regla general insuficiente o ruido"
19/03/2026 15:14:09,VENEZUELA,DGCIM,Inteligencia,"(""DGCIM"" OR ""Dirección General de Contrainteligencia Militar"" OR ""VENEZUELA"") (""intelligence"" OR ""spy"" OR ""espionage"" OR ""cyber attack"" OR ""security service"" OR ""counterintelligence"" OR ""inteligencia"" OR ""espia"" OR ""espía"" OR ""espionaje"" OR ""ciberataque"" OR ""servicio de seguridad"" OR ""contrainteligencia"")",Venezuela's acting president replaces long-time defense minister with intelligence head - Reuters,DESCARTADO,"score=2 | flags=pais,radar | Regla general insuficiente o ruido"
19/03/2026 15:14:11,VENEZUELA,DGCIM,Inteligencia,"(""DGCIM"" OR ""Dirección General de Contrainteligencia Militar"" OR ""VENEZUELA"") (""intelligence"" OR ""spy"" OR ""espionage"" OR ""cyber attack"" OR ""security service"" OR ""counterintelligence"" OR ""inteligencia"" OR ""espia"" OR ""espía"" OR ""espionaje"" OR ""ciberataque"" OR ""servicio de seguridad"" OR ""contrainteligencia"")",Oil for repression: How Venezuela spent billions on a Cuban-backed security state - Miami Herald,DESCARTADO,score=1 | flags=pais | Regla general insuficiente o ruido
19/03/2026 15:14:11,VENEZUELA,DGCIM,Inteligencia,"(""DGCIM"" OR ""Dirección General de Contrainteligencia Militar"" OR ""VENEZUELA"") (""intelligence"" OR ""spy"" OR ""espionage"" OR ""cyber attack"" OR ""security service"" OR ""counterintelligence"" OR ""inteligencia"" OR ""espia"" OR ""espía"" OR ""espionaje"" OR ""ciberataque"" OR ""servicio de seguridad"" OR ""contrainteligencia"")",Venezuela's acting president replaces long-time defense minister with intelligence head - Red Lake Nation News,DESCARTADO,"score=2 | flags=pais,radar | Regla general insuficiente o ruido"
19/03/2026 15:14:12,VENEZUELA,DGCIM,Inteligencia,"(""DGCIM"" OR ""Dirección General de Contrainteligencia Militar"" OR ""VENEZUELA"") (""intelligence"" OR ""spy"" OR ""espionage"" OR ""cyber attack"" OR ""security service"" OR ""counterintelligence"" OR ""inteligencia"" OR ""espia"" OR ""espía"" OR ""espionaje"" OR ""ciberataque"" OR ""servicio de seguridad"" OR ""contrainteligencia"")",US Further Eases Venezuela Oil Sanctions - Energy Intelligence,DESCARTADO,"score=-1 | flags=pais,radar,ruido_ai | Regla general insuficiente o ruido"
19/03/2026 15:14:14,VENEZUELA,SEBIN,Inteligencia,"(""SEBIN"" OR ""Servicio Bolivariano de Inteligencia Nacional "" OR ""VENEZUELA"") (""intelligence"" OR ""spy"" OR ""espionage"" OR ""cyber attack"" OR ""security service"" OR ""counterintelligence"" OR ""inteligencia"" OR ""espia"" OR ""espía"" OR ""espionaje"" OR ""ciberataque"" OR ""servicio de seguridad"" OR ""contrainteligencia"")","Gustavo González López, from key man of Chavista espionage to Venezuela’s defense minister - EL PAÍS English",DESCARTADO,"score=2 | flags=pais,radar | Regla general insuficiente o ruido"
19/03/2026 15:14:14,VENEZUELA,SEBIN,Inteligencia,"(""SEBIN"" OR ""Servicio Bolivariano de Inteligencia Nacional "" OR ""VENEZUELA"") (""intelligence"" OR ""spy"" OR ""espionage"" OR ""cyber attack"" OR ""security service"" OR ""counterintelligence"" OR ""inteligencia"" OR ""espia"" OR ""espía"" OR ""espionaje"" OR ""ciberataque"" OR ""servicio de seguridad"" OR ""contrainteligencia"")",Venezuela's acting president names new defense chief to replace longtime Maduro loyalist - PBS,DESCARTADO,score=1 | flags=pais | Regla general insuficiente o ruido
19/03/2026 15:14:15,VENEZUELA,SEBIN,Inteligencia,"(""SEBIN"" OR ""Servicio Bolivariano de Inteligencia Nacional "" OR ""VENEZUELA"") (""intelligence"" OR ""spy"" OR ""espionage"" OR ""cyber attack"" OR ""security service"" OR ""counterintelligence"" OR ""inteligencia"" OR ""espia"" OR ""espía"" OR ""espionaje"" OR ""ciberataque"" OR ""servicio de seguridad"" OR ""contrainteligencia"")",Venezuela's acting president replaces longtime defense minister with intelligence head - NBC News,DESCARTADO,"score=2 | flags=pais,radar | Regla general insuficiente o ruido"
19/03/2026 15:14:16,VENEZUELA,SEBIN,Inteligencia,"(""SEBIN"" OR ""Servicio Bolivariano de Inteligencia Nacional "" OR ""VENEZUELA"") (""intelligence"" OR ""spy"" OR ""espionage"" OR ""cyber attack"" OR ""security service"" OR ""counterintelligence"" OR ""inteligencia"" OR ""espia"" OR ""espía"" OR ""espionaje"" OR ""ciberataque"" OR ""servicio de seguridad"" OR ""contrainteligencia"")",Venezuela's acting president replaces long-time defense minister with intelligence head - Reuters,DESCARTADO,"score=2 | flags=pais,radar | Regla general insuficiente o ruido"
19/03/2026 15:14:16,VENEZUELA,SEBIN,Inteligencia,"(""SEBIN"" OR ""Servicio Bolivariano de Inteligencia Nacional "" OR ""VENEZUELA"") (""intelligence"" OR ""spy"" OR ""espionage"" OR ""cyber attack"" OR ""security service"" OR ""counterintelligence"" OR ""inteligencia"" OR ""espia"" OR ""espía"" OR ""espionaje"" OR ""ciberataque"" OR ""servicio de seguridad"" OR ""contrainteligencia"")",Venezuela's acting president replaces long-time defense minister with intelligence head - Red Lake Nation News,DESCARTADO,"score=2 | flags=pais,radar | Regla general insuficiente o ruido"
19/03/2026 15:14:17,VENEZUELA,SEBIN,Inteligencia,"(""SEBIN"" OR ""Servicio Bolivariano de Inteligencia Nacional "" OR ""VENEZUELA"") (""intelligence"" OR ""spy"" OR ""espionage"" OR ""cyber attack"" OR ""security service"" OR ""counterintelligence"" OR ""inteligencia"" OR ""espia"" OR ""espía"" OR ""espionaje"" OR ""ciberataque"" OR ""servicio de seguridad"" OR ""contrainteligencia"")",Oil for repression: How Venezuela spent billions on a Cuban-backed security state - Miami Herald,DESCARTADO,score=1 | flags=pais | Regla general insuficiente o ruido
19/03/2026 15:14:18,VENEZUELA,SEBIN,Inteligencia,"(""SEBIN"" OR ""Servicio Bolivariano de Inteligencia Nacional "" OR ""VENEZUELA"") (""intelligence"" OR ""spy"" OR ""espionage"" OR ""cyber attack"" OR ""security service"" OR ""counterintelligence"" OR ""inteligencia"" OR ""espia"" OR ""espía"" OR ""espionaje"" OR ""ciberataque"" OR ""servicio de seguridad"" OR ""contrainteligencia"")",US Further Eases Venezuela Oil Sanctions - Energy Intelligence,DESCARTADO,"score=-1 | flags=pais,radar,ruido_ai | Regla general insuficiente o ruido"
19/03/2026 15:14:19,VENEZUELA,SEBIN,Inteligencia,"(""SEBIN"" OR ""Servicio Bolivariano de Inteligencia Nacional "" OR ""VENEZUELA"") (""intelligence"" OR ""spy"" OR ""espionage"" OR ""cyber attack"" OR ""security service"" OR ""counterintelligence"" OR ""inteligencia"" OR ""espia"" OR ""espía"" OR ""espionaje"" OR ""ciberataque"" OR ""servicio de seguridad"" OR ""contrainteligencia"")",Venezuela's acting president replaces long-time defense minister with intelligence head - Apa.az,DESCARTADO,"score=2 | flags=pais,radar | Regla general insuficiente o ruido"