PAÍS,ACRÓNIMO,CATEGORÍA,NOTICIA,IMPACTO,FECHA,LINK
ALEMANIA,BND,Inteligencia,"Verfassungsschutz: Russland sieht Deutschland laut BfV ""mitunter als Feind Nummer eins"" - DIE ZEIT",MEDIO,19/03 9:19,https://news.google.com/rss/articles/CBMivwFBVV95cUxQTjZueGhIbUI5UU52QUxOZGJEbUduZGNIWS1XRHVzcFJ6a0p5WkkyV3IzcVdKZkNBc3hFeHAyVm03d3FfYnpFY3BtZXpDbFllRmZBOGE2d2p6ckktcEcyM1hmOVVEeEpoRDJNUURnTDBkeGFZUTZwUkRLUVJDdk1IQXFGdUU5UzZ6SUFiZzdKZjJxYWxLYVJCdTMwYkRWZDNvUk1uc25XSGxGbl9kX1FoUlNWaDh2VVNzaDd0amxiUQ?oc=5
ALEMANIA,BND,Inteligencia,"""Einsatz von Verfassungsschutz"": Weimer erntet Buhrufe bei Festakt zur Buchmesse-Eröffnung - Ntv",MEDIO,18/03 17:12,https://news.google.com/rss/articles/CBMipAFBVV95cUxQSFhNNUJNT1B1N3hySWdzbkxlUHBlbWVKVnMyU0l4c3VjNjh4UlhEdHZqVFUxamxwWDh6eUlKemdsVUhCajI5UUZfWFpqNk9idTlJZkwxS1ZjNjhCZUdiQ3hHYjg1S0hIRHk3RmN2LWFWd1Jwd2E1bVRYV1M0MTVjQzF1VEpPZHBxdXFkS3JDSW9qclFxNnBoaHNial9DN3BsSmNfNA?oc=5
ALEMANIA,BND,Inteligencia,„Tag-X“-Demonstration: Aktivistin verklagt Verfassungsschutz - netzpolitik.org,MEDIO,18/03 12:07,https://news.google.com/rss/articles/CBMikAFBVV95cUxQajNTNjU3N2hCZy1hUjItTEM5TXRRUG5kVFI5LVRQcDdBSE1oWlZjS3A5RDBweVNvdi1uNkZWWVZjYUtodV81N2dPUTRCSTN0YjQ3NUstMTlWSWlBRW1XT3JORENpMlRHbWhNMDZzUE5Ia0VRTEdqTG4xZ00yNlBqaHp4eElQRnFvbFFKV0R1dzA?oc=5
ALEMANIA,BND,Inteligencia,Geheimdienst: BSW wieder in Kommission für Verfassungsschutz vertreten - STERN.de,MEDIO,19/03 9:14,https://news.google.com/rss/articles/CBMi4AFBVV95cUxNWmFGakJhY0t3eWpqLVQzVjZLdWxGUERXQVRfWkRuWGFjT2J5MVVzX25GVVRzYXctX1F1QktPd1o5MWN1SGtETHVjaVM4M1NubkstTFJveFJ2a0VfTEd5cUNXS0Q0UEFucGdCdm9zYTMxR2xqeEVPXzNYRjM3LTlKcjRSeVgzUWhfX2szazRRN1NKNzVhM2lXSV9NcHU2ZDRTdXlkQzk4bXNyc3RvcThNQmkxVEw5dE9vUjR5elB5UU5HNFlQSEZ1dVM2SjBONVUxanhrUGxyYXBVUFo0aFJUVQ?oc=5
ALEMANIA,BND,Inteligencia,Gefahr für Deutschland eskaliert: Verfassungsschutz warnt vor „Tötungsoperationen“ - Express,MEDIO,19/03 7:40,https://news.google.com/rss/articles/CBMi6gFBVV95cUxPQ2h6UDhld21JV21TbUZCODVTNFEwYl9rc1I3bUVGeDItTE10U2FvZW5MSUs5OHByRDcwcmFiQXFSYzFiSmd1MVlLTDFDUTNPWG5rdGxPSmFzcWdFY25TZGZkMTBaMjBoVVNjTVdPVS1JYU9XNkw3T2k4c0RrWnRUNW51RGVpeThKaVQ4OFdhR3E1T0E4VzNkY21fTXJleTlGS2VBQ2RVLVdKZ3JiTHh4ZDl5SE9mc2VkNzZPc205OEhCZXExbmx3ZVZQSVkxZks2eHRoSlktMnd0YkFyV21IaE5KdkZQZWxGT0E?oc=5
ALEMANIA,BND,Inteligencia,"Daredevil: BA/Spider-Man: BND, Buffy & Firefly: BCTV Daily Dispatch - Bleeding Cool News",MEDIO,19/03 8:37,https://news.google.com/rss/articles/CBMilAFBVV95cUxQeUt6YWpZZk05UG8zT1NNNndyUHBTVkRTdFB3Nzdvcm9qVTQtb3VndVJqWkVmLThxQlptdHA3bk84aDhiSGx3UG44dzdyXzRpT1V1MC1JNy11dDdNb1UyUi1jMnNZNWNlNkdid0I3Z0t1anFaWjJKUTJXWnhtcEtFMkFTZjdvYmdDcHhURUVTZjgxckN2?oc=5
ALEMANIA,BND,Inteligencia,Stutsman County producers seek over $25M in aid; BND expands ag relief to $500M - KSJB AM 600,MEDIO,18/03 12:12,https://news.google.com/rss/articles/CBMiUkFVX3lxTE1XV3pBb1pRa0Zpc19jNVc5UlIyVjI2UERubGdrb2t5UDFCQ3lFM3ZPNE9GZ2tKUDctLXBZMHZqcFl2emtIZzVFZWZ3VTdFcFVULVE?oc=5
ALEMANIA,BND,Ciberinteligencia,"Germany Intel Reform March 18: BfV to Disrupt Cyberattacks, Hybrid Hub - Meyka",ALTO,18/03 1:18,https://news.google.com/rss/articles/CBMingFBVV95cUxOeENKaUlCWFhEZnhGVkVCMVU2RTNVYkNIRGZ2R3pIR1FVekVPZzMzT3Ntb2d1cEpoSzY5X085NVVwQXlrc2Ezc2czdXBvNkFKTER3cncyVUNPMkQ3RmdPeGI4Z1I5WWR6Nzk2YWJlVmZoMk52TXNtWGxTaVBINEtkWW5Qa0lGeVZLd3pmbWtvSnRtZ0ZxY1U4Unp2VUdvUQ?oc=5
ALEMANIA,BND,Ciberinteligencia,"France, Germany, Russia High-ranking BND official falls victim to Russian phishing campaign on Signal and WhatsApp - Intelligence Online",MEDIO,18/03 2:02,https://news.google.com/rss/articles/CBMi9wFBVV95cUxQZkJYaGxwTWdjQmNueXB2N2x2LWtma0JvMXFXM1ZpZExKd0kyS3Zvb3BtbnV4MGFaTjRTaW9lc2dxLXVBU2xCMFdqbVdtREgzaGFGb1Z1bzBfa3h1MzREaFpULU1XcUNZczNURjdFSlpKSnItX3JlYmVIMjlKM1Y2YWp6YkYxSzJWMU55d2xkNGgwM180MlVtV2g5d0dNLUNRNDBWYkgzY0E1VWNzc1ljMDlsX3hEUXVyc0NGMWVmNjhvM09oLXFQSTJGNGVEMWRuYWJDZ051SHJBalFtLVFIZXBNVHp3d282ajBfS1ozOG4tUE5uTG9N?oc=5
ALEMANIA,BFV,Seguridad estratégica,Sabotage und Spionage: BfV sieht „mehr Risikoappetit“ bei ausländischen Angreifern - Tagesspiegel,ALTO,19/03 8:23,https://news.google.com/rss/articles/CBMiyAFBVV95cUxQTHZNVG5sOW9sakZGdE9DbVhKcjBhRVdJNXpZdzVZeUZfTkhfeHhPTjJwcGdrSnJhVFF1ZTlvRUxMMnhGLTdiSGZZVlg3anNNWjFJYUVKWDFaMTFlRW1VSEdqdmctRVJaRGF1NEVBSnZCRUxtWXo5UU5JMHlheUFhNEszRklVMnZRQVM1RkRNd2s3ZFA5ZWxLRHpMVTdWN3Z3dkV3VU1qNUpDdEVSTFhYNndERnRYRWpoU1E3SURlaTZhdUlES3Uycw?oc=5
BOLIVIA,DNI,Inteligencia,Vídeo del DNI Tulsi Gabbard ofrece una evaluación de inteligencia sobre Irán durante una audiencia en el Senado - ucvradio.pe,MEDIO,18/03 20:14,https://news.google.com/rss/articles/CBMi9AFBVV95cUxNbmptS3ByN2MxcmczeVNDcDBWQlhrb2xwOWxWSTFtZWlRbVBJNmdGOXNyd0VtTWliT3JZTmloWHdTQVgzNGtJVHJ4ZTB2b20wRXh1NjBvRm1zSnJzWWNqNWV1clRRdUNvWkJYT3pmZUZSQWRZWjVLY2NiX1NoS19aWTJKWFVHQWZzTU9tZUVJaE1kcFdNTVBFdEsxMVRkMjZidWRfREhSd0UzRTQwU3d5VmxPTWl6VzM3b3V6U21xOFpyQ01NSkFBazkwcjJWUjRQVjBqUG0yZEZhUGUxWlVFcFJqZEpNSUVyLURtSGNTeG4ySG56?oc=5
BRASIL,ABIN,Inteligencia,Abin alerta para risco de enquadrar PCC e CV como terroristas - O Antagonista,MEDIO,18/03 17:46,https://news.google.com/rss/articles/CBMingFBVV95cUxNWmE4RkRqRHpNR2FzeUxDQk5aTGdkRnVsMGV6Qk5yUFQtekw4eXRRTDNPaGR0WEtNaDdDUnY4T08zbGQ2OC1xbkNLVEo0NnIxbUxDbHMtUFlTcGpsQXVabTdCNjZ6bTI4TUs1ek9JenlsVmctejR0QzRhS3RoamJjU3Z5Y0hzYnFWRkxRbmltY1VUX2tGeEU3T0ZjTVlCZw?oc=5
BRASIL,ABIN,Inteligencia,Abin avalia que designação de PCC e CV como terroristas abre brecha para interferência - Portal 6,MEDIO,18/03 21:54,https://news.google.com/rss/articles/CBMivgFBVV95cUxQaG1BM0hUR0ZpRG91NlR6ejRPclVHR3NrNjNEay1PNi1KdE5yenBoYmV5U2hNOGNvX2RMQ2lncHJ2T3NBUG9RWDdvanRfdGNLLWRNWVEyNklSNUFTQ3hOUnZWY0p5MFVUNDZHQ0VzY1JiMHlxNngzREs1b1dYM1VTNnVwYXNXZUhTMlFPVHplRDEyUXdWUGVCMF9LeDVmdUtTZVhydUp1Vm1EcGZILVpmY25HSE9mYWFpN0pJbG1n?oc=5
CHILE,ANI,Inteligencia,Entrevista a Lady Ani (LAST DAYS OF EDEN): “Nuestra música tiene un público minoritario” - Metalcry.com,MEDIO,18/03 6:10,https://news.google.com/rss/articles/CBMiqAFBVV95cUxNcE1xQlNEX1BRSV9NZ2MwTHRxOGU3ZkJWZTlkNjMteG1WUVEtZ01GRFpzRVZYOFVReE9acl9ocUJHZEhMcWlRSkUyRUVtZFhlSUpvOHoyVGIzWnAwYkFybThxN0dELWxJNTVxOWlaYzBkQXduOHFTQ3JJZkgtMFZCNjRFQzAzdVNrR1hlLUM3NjJycjZzOERmUnNKRTAtZnhiQUhhU2VzQVHSAbABQVVfeXFMTWlTXzZFR1gwbFdVb1BBWE5xOXVaX2lmaVlYd3dhLXBIX3BmREhuNHJOYlJWZ0dRd0xqd1h4YVFGeW1TZVA1ZmtaTkZDT1FqbWhmejhCR0RSckQ1SGFjTVdvMUtBY2VCaFNGa25HSUJqMlBGZkJZTW9VMG9XYzcyNG53ZFFHZWU2cXVsajE5REpRUGdvTTBEb3FsUkRRXzdKSi15RDZST3VkUDl3bEEtUEc?oc=5
CHINA,MSS,Inteligencia,"Spotlight Canada Despite thaw, Canadian intelligence remains vigilant on China - Intelligence Online",MEDIO,19/03 3:00,https://news.google.com/rss/articles/CBMiyAFBVV95cUxPRUc4ZHdjUnFLeDdxMjc5X2xGbGFHMzczZzJUUW5OcGNjb2dCcVAwZVJaSjdqMjJrbkZYWFdZem5SdFFIT1hlYVF0NURyQnZBVVBUUlFVQVNmcU9sWjBNalpsdTVnR0RRZ3FudFQ3UVNCXzRndkM2TnpzZEYtZGozcTBCbzBUYzZybGpvNUw3ZjhoSXpIclAtR0hnaURxT0ZacXhROWI4X1RZMXUtREVYZ25LNDlhR0FSZmJBcFc3cngxU0hRaG5ENA?oc=5
COLOMBIA,DNI,Ciberinteligencia,Dian bajo alerta por ciberataques; inteligencia advierte riesgo de manipulación de datos de cara a elecciones - elpais.com.co,MEDIO,18/03 22:35,https://news.google.com/rss/articles/CBMi7gFBVV95cUxPYUt1RV8wYmtFSEtzRm1lWm81aHh3X1NlaC1YdXpnclRYbERTRzI5T0paR1BzWjRTSVJ6OTM2Y1JRZ3ZUOGxTV0RQMkQ0THA1TkF5dTJFT08tNElja2dqQ0FsUi1zbWhMcmF1THUteWR2ekRwamtXQjhxdU45aXZSTHZXYkhFLWlHMlhQMy1yWmtjTzBhUVRES0xKOHh1V3lUODVNVVVsdXItdWpuajZkbjNoSkpsaUcyUHpFXzVGNloza19POHlOVFMtdmk1TVlnM1R3OWNLT3pIS09OTTFGQzlVQ2pjWlJ6UG5EVVhB0gHuAUFVX3lxTE9hS3VFXzBia0VIS3NGbWVabzVoeHdfU2VoLVh1emdyVFhsRFNHMjlPSlpHUHNaNFNJUno5MzZjUlFndlQ4bFNXRFAyRDRMcDVOQXl1MkVPTy00SWNrZ2pDQWxSLXNtaExyYXVMdS15ZHZ6RHBqa1dCOHF1TjlpdlJMdldiSEUtaUcyWFAzLXJaa2NPMGFRVERLTEo4eHVXeVQ4NU1VVWx1ci11am5qNmRuM2hKSmxpRzJQekVfNUY2WjNrX084eU5UUy12aTVNWWczVHc5Y0tPekhLT05NMUZDOVVDamNaUnpQbkRVWEE?oc=5
COLOMBIA,DNI,Inteligencia,Colombia | MinCiencias abre convocatoria ColombIA Inteligente 2026 para financiar soluciones con inteligencia artificial y tecnologías cuánticas - DPL News,MEDIO,18/03 12:29,https://news.google.com/rss/articles/CBMi9gFBVV95cUxPcEZYMmRGRHpqS19TeEN3YnhUWnVyUTRBWC1PeU5MV2VQTE5neDdvS01nUXRsbnNvLTl4aUphcUVGVm9DRU16VkFuNEhucVQxRUt0amZzRnl3WkYzSVEtVDFrRjRlal80SXNycGpsMEhxVFZKRVZCdFR4U3laNUd2OHJZSUprQXNDc3NpTFVEcFQzQmtjZ0hZZXplMHFvTnowb3BRZkxob1lSa3ptTktyaGZPcjBmcXA4MmdsTVJDSU1TcjJ5RXVLNlQxN09iUmdqMUtIY1FsZDNaOXljeHA0YTFMUzFrenpyRmJDQ3NTWWZweXA0bXc?oc=5
COLOMBIA,DNI,Inteligencia,Nequi y AWS abren 300.000 cursos gratis de inteligencia artificial en Colombia - ENTER.CO,MEDIO,18/03 11:56,https://news.google.com/rss/articles/CBMi1gFBVV95cUxQakpWNWpGZW4zcS1yRW5QX0JjYW1WNndVdXhnN2NWYU1mQndDYW5sblFUUFRpaXgxN0RpakpKU3ZIVmtwYnVLT3BEdlpiOHVKd2tzZ2VMVm5VWmlKME1rSlJWSFdwMFlNY1pBVWNqU3JFRWFtOVVfRnp3RWx4NDgzNFdHc01HOVhhWU4tYmx5VzNJZFhJWTZUM2NCRTlqdDB2Nm9BQ3dILTc3dUlGWTl2RHN0WGZKVDhTWHNkcHcwNGdTc25BQ0tvaEgzaGVrbklZM3NQUmFn?oc=5
ECUADOR,CIES,Inteligencia,Ecuador y Estados Unidos destruyen un campamento de las disidencias de las Farc en frontera con Colombia y capturan a cabecilla - MSN,MEDIO,18/03 10:14,https://news.google.com/rss/articles/CBMimgJBVV95cUxQS1FkV3h3djF6RG9kU1Z2d19na25QUkhycm9iemo4bjBSa0JmQjdzUUhUZlZLVzNSSzhlSDA4YUE3MGNHMkhkMTZGZ0xuendmaVlZZVdwNXhuUFV3NDNmWlo4UnpoR2piM3MwWVJUdzZvX0RQdXB4QU1zV2RNNkFYWkNrVXNrU3BhSFhvNDUza0VsTmljNnMwT2VMdU5IRVcxRHk4MGptYnIwbk5lNDNiNTBfaExxVVp1SXNqWVdVeTBKVEFaWnBGelhSNW9fS2FDYlVvWjB6X0thTUFnaG9Ua1ZKQ05jOVQtMDE4Tk0zSURlSjBZNDdERDFWNzJHNkFTS3FFTDlwS29Ba1dDWWNja016YkEtNlRxUVE?oc=5
ESTADOS UNIDOS,FBI,Inteligencia,Exclusive / FBI investigates intelligence aide who resigned over war - Semafor,MEDIO,18/03 21:00,https://news.google.com/rss/articles/CBMipwFBVV95cUxOV0dEbnh4WDE0NlhldDUzYjNZSGlTd2o3amV6eldNTU5pRzdGVk9EUlpDdWEyVUt6bmZwb2VUOXBNcE5WNjBCdDhRMndtaTR5bWZpSTZoQmJEWGJkUjF1VjBLeGNacmJtWm1IdURvWUhEZXhlMHlleXlBOU4tazBTc3pJUlFHSHYwdnZyQWYtc2NrTWxEVUdmQ0c0OU9mUng4SVBQVTJPWQ?oc=5
ESTADOS UNIDOS,FBI,Ciberinteligencia,FBI seizes RAMP cybercrime forum used by ransomware gangs - MSN,MEDIO,18/03 18:29,https://news.google.com/rss/articles/CBMisAFBVV95cUxPRTVRa0FMNUdvMWpaMUVoeWtzb2U0ZThqT05iLUN2U09BT2x4VzJacmxfR0pQMy12MW43dGJ3bkdOcURLZXJNcV96RWxEdlliRnNjcEZyNFphc3A4ZWNwSXpkYmVrZjY3ZWcxX2pMUXl2aDFLV0dxNG1MM1NqTTdEc2cwSlMzY190NngyRm1wT1N0M290dXV2Yjc5a3NpNENZc3ZBem9CcXRvbGNDdF93Tw?oc=5
ESTADOS UNIDOS,FBI,Ciberinteligencia,Former counter-terrorism head investigated by FBI over alleged leaks - BBC,BAJO,19/03 9:05,https://news.google.com/rss/articles/CBMiWkFVX3lxTFBkZ0tfRGVHQkZkRUdiN1NacVdyWGxpeThNNl9aREg3UWdBdGlCcUVQem5XSGYzOVJVMnRxMkdFQ0t4anRiOC0wX0NlV01WUU83cnpNdGFNejJTZw?oc=5
ESTADOS UNIDOS,FBI,Ciberinteligencia,FBI investigating Kent over allegedly leaking classified information - The Hill,MEDIO,19/03 0:52,https://news.google.com/rss/articles/CBMieEFVX3lxTE5ZbEpvZUZsekRkbjA2NVBuYjBtUHlPMzRvQ3NOZjNURy1xODNNUXo1LUl4M3Z1TkE0V2VGM2dSM0tHYlZlS0xNNUo2WGZxX0t2bXE4SjNhbWtyXy0tbXFqdXczRDZmR1FKZjY5Q1JadVh1OGdyUHpVYtIBfkFVX3lxTFBMOENsbTE1MDEzOVY4STd3QkdzUlpFYU94MUJyNklJR1BLb21rNzY0NlFPUVpkaXMtUVZXb0t4aEhvRWx0WDRNR3c1eVlnTk9ud3NjRkNqX1h0bS1xNG1ocC1Dc0IwMS1feEhNUElBeG45UEpHWFRqRFg2ckJtQQ?oc=5
ESTADOS UNIDOS,FBI,Ciberinteligencia,FBI investigates ex-U.S. Counterterrorism Center head Joe Kent for alleged leaks - Axios,MEDIO,19/03 7:54,https://news.google.com/rss/articles/CBMickFVX3lxTFBQX2FieWhDaC1YcTJramkwVFFfc3pQNm5QNFBvWVpuY1Z0YWxsc0pJNVIyQlRlWWdibzlsSV9zaDlZcUw0XzJDMEkzZ1J2cUpOT3ZFSm42SGFQcmVHODlNQkNLRkozREozZjc4b0ladlhqdw?oc=5
ESTADOS UNIDOS,FBI,Ciberinteligencia,"FBI investigating whether departed counterterrorism official leaked classified info, source says - WLKY",MEDIO,19/03 1:30,https://news.google.com/rss/articles/CBMilgFBVV95cUxQVzdGOG1ERjJ3UGFRblZOSmdJQ2l1WjBDMFpSN3oxYkw5LXVNSEtTWjctamJ2eFRyRWVXLUtzUXRhbjBoMnBaM3VvYkladlhDTW9Pd0U3Vzl0YjhfbkpaT0RXdmp5NUg2cDdhZzlkRGtfM1lDcWw2Ny1JQVlNZVJSbFY2N2dMOHdtRGVDSHp1MDVSQzlBakE?oc=5
ESTADOS UNIDOS,FBI,Inteligencia,FBI Opens Office in Ecuador as U.S. Strengthens Security Relations - The Presidential Prayer Team,ALTO,18/03 5:30,https://news.google.com/rss/articles/CBMitwFBVV95cUxPRlVlV3ZCdXdqNEtiU3pyTEgzbHFZZGJfNUVJd2I2a09tUTM0SXh2X19ISWdubW5xZXdYRDhUVnFJWXNRdnZtLUo5VnZ5NHdxNmJNUmtSQW1xdkcxZ3haelVNTkhVR3VycGJ6X29ubDZDX1lyQVVYMlVMTlVrMHFrSWF1eWNCTGZtZzc3YkdiRlhObFRjaFBramx0YVFWSzlHM0c5NERaMTg0LTFiRzhlVjZTTy11LXc?oc=5
ESTADOS UNIDOS,FBI,Inteligencia,"FBI is buying data that can be used to track people, Patel says - Politico",MEDIO,18/03 13:50,https://news.google.com/rss/articles/CBMijAFBVV95cUxNQTQtTTFYMlM0RkJWWjYxN294cXZaaEtNSmpRLVlpdTI5Rno5VkpxRzFWSWpLR2MweloyWXVreWJaYTFxUWNKUnA4SHRmY2l5VkgwTlhEWDQzc29tUUMtNjBqNmo2WnRLaG1pYnJ6a3d2SDJFRHJGZi1iTnlaSjBGVEI2ZGVOcHZrMkRHbA?oc=5
ESTADOS UNIDOS,FBI,Inteligencia,National Security Officials Testify on Global Threats to the U.S. - C-SPAN,MEDIO,18/03 22:32,https://news.google.com/rss/articles/CBMitwFBVV95cUxNMEZSV3RKUDdQZTg4R1NLMXJ2ejU0bEF4Tld3NEZwS292S3lScnRNY3dCb183U1FiVjh2UFVHdDF4RWljc3ZIbFdOenlZNThKRGJrRFk3bWl3MEN0MExXWFM5SnZldzJma3dyS1hUaXAyRzhLZGJYb2ZjTjZNYVlHODBOaGFkZ2U5NWJJUmNUbEF1QjhVY1lINzh4VVF2SWZSQW9JWi01WDE0OXhOQ2FYYVJQTTZwd1U?oc=5
ESTADOS UNIDOS,FBI,Inteligencia,"FBI and IRS to investigate nonprofit groups for domestic terrorism links, sources say - CBS News",MEDIO,18/03 14:46,https://news.google.com/rss/articles/CBMijgFBVV95cUxPMzBaWEpUTTg2QUI0ZVR5N29SZkwycEVkaW9WZjhlYXlYaG9SbDlGTHBjQmVTRzF0bzVDdGVSUEpSd3FiZVFjRGI5UHZUOVlnUHJpazRtUElZcVM0WmItRHFFRXluTlZ3bUY4dGJJVmtRLVg1ZnoyREZocXlKclhwSHNpeTU4bThKdUw3UWR30gGTAUFVX3lxTE1EYXliNG12NVFGTHd1WURNN2ZwMHlPekk1LUl4NWtzeFk5S250aENNdl9uX3FhRWNxVWMxS3NteEtxNVRjZmtBenNkaTExQUY4b21jcDA3ZGpIWGZsNVhsLUJydU1WS0IxcUgzTlMxRHBUY0VNM2trU19MVmk2VGJBS1QwcXR6WGxEVW1qTDh0Sy1hUQ?oc=5
ESTADOS UNIDOS,FBI,Inteligencia,"FBI investigating US counter-terrorism chief who resigned over Iran war, reports say - The Guardian",MEDIO,19/03 9:19,https://news.google.com/rss/articles/CBMiwgFBVV95cUxQVDluQVo3R2VUak51ZUpTMWxIN1JGeEF0Z0lkdGl3MzRabEcwZ25CWWpNS3o1NHVlQWo5QjBaNE1pTHJWdVVzMklWaDhmaVpoNkxTaDYtRzN0OTdpQVFZbWlzUUFaQl9pWExRZnBndVFHZGRKR2JKWC1MSGtIbFFLUjdOSWRMaDJPcFBKS3RMRHlJZkZBTTVLTW9wbjRucy1USXhZMVctOXVyZFlZcm9XUTZydVhiVVg3d3VVb0NuT2M3dw?oc=5
ESTADOS UNIDOS,FBI,Ciberinteligencia,"FBI launches 'leak' investigation into top counterterrorism official who resigned over Iran war, reports say - KGW",MEDIO,19/03 9:38,https://news.google.com/rss/articles/CBMijgJBVV95cUxQNTNuNUtQSVV5VUg1VlN3LWVCWkJYeTQ5VmdCN1BRc0VqRlc1RnEwd2pNLVBXbV9zaGN1VVozb2lvX3RGUTNLWFF0OHBTVnlocTNibHZQVy1uWXZRRXhHRjlqOXI0a19IMjl6eGF5Mk9GT0Frcmt4X2s1MXpKdWVnT1MtWURLYmh5eFdGLVpRZXZFSWNRdmJKbkFYVVE3RE12SVBHT0RFaWsyWHpxTDM1ZWNPZlVUOUhPdXJjVlBSLXpsQlR2TXZ4RlN2WkFQLUZJY3lyRU1ZWTlHTHNsWlktWjhJNXNTdDZyb3dNMVJ0WUwyc2QxY1c1NWRiTmRGNkV4bWhEY1RhRHhoQnBMMXc?oc=5
ESTADOS UNIDOS,FBI,Inteligencia,FBI investigating ex-National Counter-Terrorism Center Director Joe Kent - KHOU,MEDIO,19/03 8:03,https://news.google.com/rss/articles/CBMi7wFBVV95cUxNM2lDRjRIenU2dUMyRkgtSU5CV3g2SWozbGVIV05BczgwSC12WXRCSzRQai1iNURWNmhaMloxcW5NV2R3N0dJR0NXX0t1cGU3VHpqcF85QlB2U2dfaTlVR2pzUVdweVUwYkdncHphQlJZZzJPY3hNMDNnYkN5eUNpbWtvdjVmb3RYMDBLY29NS1dYS3E5eE90VTdSNzJlbjYwZjV0NTE0ZEN4SVA2YjdRd0hldlo0enhiRUoyX1g3a1NSTGJpMC0yMlRFWlU1VXIwY01iN3hsdW1DVTFGd1BBcklGeVAtZ0dFZjRTRW1VQQ?oc=5
ESTADOS UNIDOS,DIA / ODNI,Inteligencia,"Sen. Ossoff Presses Director of National Intelligence on Imminent Threat Posed by Iran, Fulton County Raid - Senator Jon Ossoff (.gov)",MEDIO,18/03 20:03,https://news.google.com/rss/articles/CBMi5AFBVV95cUxPa0hQeVp0dnM5d0FWTWdJeEtwc1dJSC05aFpvemVMVFl6NWJ1MTN5akV5dlRNNV9UblhVbmgyNXMxWW42cVdnR0xyNlY4YWJra0pRenkxWlhBb09xMXBmMEI2V1RyU0RiVnEyX2NVNk1LQkZ0SktvYTA4cTlydnh3Y2Y1MkdwSjhxVk9ycTB5Mm54Ti0yV2hDYWdLVEVDOTBMRUpNVjBiV2NIVXc0NjI2UGY5YkhhN29KT0h0NW5oOHNxU3YwaHVBYjRydnpyZlAydFdjNTJlQ29JeFRhMm5fcGFyeXU?oc=5
ESTADOS UNIDOS,DIA / ODNI,Inteligencia,Director of National Intelligence Tulsi Gabbard faces questioning on Capitol Hill - 101.3 KFDI,MEDIO,19/03 9:20,https://news.google.com/rss/articles/CBMitAFBVV95cUxNX0hQVTIwdVoxNkhQVEdicE9mT1piQURWUWNST2c0bE1RdE9JdjNkRW9WTTdlc0Utd2Z0VDRjLXdaTXZQcDVwRzlsenZwX2hXa0sxejBRVGhMSEFJTm1EbmhXc0tWVXBEYXpadzBCbTVNaTlUUGRWTXAxTHQ4SHM1REVjcHVENmhQMktISzA4WUpHSThXbERRRTZPY3E0Sk15OEdKMjNMMU9lUTBjRVljWEdhY0Q?oc=5
ESTADOS UNIDOS,CIA,Inteligencia,"CIA director confirms Iran seeking intelligence support from Russia, China - The Hill",MEDIO,18/03 14:52,https://news.google.com/rss/articles/CBMilgFBVV95cUxPdlpYSFZqdFNHU0tLS25qZmx3bHQxZ25DRWRJd2w3ZU1GM0htRWlucWJsZkE0SThvd29WWFgyR0FISzZhZThJM0hEWkp3VjdoOWtjU0VwUUJ5bDA5M2ZseXJGUzNmd0V0VFlMY2tIcUxpdWx0RExpbmZvejRMVDFPSjNiNUx0TTI5bVRFT3JWUXdKckNTOGfSAZsBQVVfeXFMTVBNMG9TVExUWUxHYlh3bXJWTWlVT1ZuVWwzdi1ncFZpdXNrdVhEU3ZDVm5xcFpvSjBWQTlsS096QmgtamFKOG1RbkZ2Yk1TMllOOEt3LTA1X04tN0lxY0kzeVdfQlJNeUV0Ty1rSG8tUE1nTUEycTZHeWFMZFozcDdFeTVsRTBNeno3THNrSFZaQ0R2ckE1LXA4NTA?oc=5
ESTADOS UNIDOS,CIA,Inteligencia,US intelligence chief says Iran's regime 'intact' but 'degraded' - BBC,MEDIO,18/03 19:18,https://news.google.com/rss/articles/CBMiWkFVX3lxTE1wRGYtZngzdE05ZEtvXzNSY1RNTVBNREp5Wmhhc1BHS1pvRjZVamdMM0tCalVLZk5jeE41YnpSbFowVUsycU52M0JRemtWVV8wMlFLOHN5cG9MUQ?oc=5
FRANCIA,DGSE,Inteligencia,Chroniques du secret : les héroïnes de l’ombre - dgse.gouv.fr,MEDIO,19/03 5:33,https://news.google.com/rss/articles/CBMimgFBVV95cUxOTTA5VjU5S2laZTJ4TEh3TjB3NFVxYm5XWURIajhDMVNBUGlrQ1BwMUxFZE9zejBXLS1PVGJ2aHJaQlFONjVycURQRW1IRXV6clhUZTl0cHkwdXRSRHhNM1RFTjFZenR0bF9Wd0xXcXV1SnJkUUZHeVRRdzFsOURfSGNra1VzaFJaX3FxOW5FdFBSdHJ5MnAyTTJ3?oc=5
FRANCIA,DGSE,Inteligencia,"Guerre au Moyen-Orient : ""Dans une crise de ce genre, les renseignements peuvent parfois être surpris"" selon un ancien membre de la DGSE - France Info",MEDIO,19/03 9:23,https://news.google.com/rss/articles/CBMiygJBVV95cUxQYmh0aEZrU2dpYlhHa3pnLTZ3NDFkX3pJSURtVTRtSmprbTRHWnI1Q1hvaURPMkZ5eEN0TUJyQi1MQThjejRtcTE0dEpNXzZoS3JoQ1VkbjhpWHAzcV8zaEFkTmxCbXNuQTdoRDJ3SldOcDhLZ0lLdzYxUUtxb2tEQV9nUzdsRG9aOW5aWkRQUkN4ODhuLWZUNGtjaEtXemhFdlhCWjVRN1JiVEFhU3lYRkxZdDJwYUpWNEFHVWVUNHRDUk5NbmlQelh4Rk5CLWpJelRCTTVfZllZVnJsSFBhN1dwUkNYc1pCSV9SVmpBT2wtT0dRNDhKN3hETHIzV21SNHk1NVYzQ095V1gzMDhFbEw2U3h5c0hRTG1fZ0F2bURtdGxYR19PSi1iZWY2cFkzVU5rc3huYUQ1RlhuLWNlTHJNdkNHTVJ3YWc?oc=5
FRANCIA,DGSE,Inteligencia,Un espion de la DGSE chargé de collecter des données sur l’alliance stratégique de l’Azerbaïdjan avec l’Algérie - Maghreb Online,MEDIO,18/03 16:07,https://news.google.com/rss/articles/CBMimAFBVV95cUxNTThhU2E1VXpSX29PWVVKaGc0U2F4QXVmTG1ET01RVUVpSFJ5RkVRZFJDbDlTa19tYWdBZzczdVBVQUFvcHFQd1IwMVUtOEE4ZVpYdXdPdEpTTmROdUxLSXhCSnZfN2gtVDB0ejRvcXVxMmEtMk54dk52Rk1Xb0cyY25qNkdrbG1mbjZmanh1Q1dtZmZzT2ptTdIBoAFBVV95cUxPVUhOQlRPVk9ad2RVX2U2SW1mRWg5VEVXSEpPUVFBZnR5N1VIdUx0c2RlNnNaZnJzanpOdlE3bG1EVV9IcHVsSkFkejJudGVNbmYxWU9WWGpTd2hwZ0c4Sk5JZjRXUjRCMERuSnZzdThWSC1HNG4zZXBJUUhEby1FQzFQbUJKZ3FmTlU0OEN0YWtwdmdqUC1NTlQ4Qk5hdFMx?oc=5
IRAN,VEVAK,Inteligencia,US intelligence chief says Iran's regime 'intact' but 'degraded' - BBC,MEDIO,18/03 19:18,https://news.google.com/rss/articles/CBMiWkFVX3lxTE1wRGYtZngzdE05ZEtvXzNSY1RNTVBNREp5Wmhhc1BHS1pvRjZVamdMM0tCalVLZk5jeE41YnpSbFowVUsycU52M0JRemtWVV8wMlFLOHN5cG9MUQ?oc=5
IRAN,VEVAK,Inteligencia,"What is Iran's intelligence ministry, and how did Esmaeil Khatib run it? - The Jerusalem Post",ALTO,18/03 16:18,https://news.google.com/rss/articles/CBMiakFVX3lxTE5VQWFqTFd3ZU5FMHJfTzRFUEk0Y0VBMG9NajVORFRXX1R3bjVGZEdSallIbXFDZHVHbDhOSkxTdkZfdnY4QXZOb2RkRkJPZ2x5dmJSTHI3SDZaZ1daREtpN3dSQ1hoTjdLcHc?oc=5
ISRAEL,MOSSAD,Inteligencia,"Mossad slams regime for using mosques as headquarters, weapons depots - The Jerusalem Post",MEDIO,19/03 8:08,https://news.google.com/rss/articles/CBMiakFVX3lxTE5tbm9qa3ZlbWlmMUFKTnRuWk55T21lRk1LNGdHWjFIYWNmN2E3bERNQkJsaThUNGxoMERrR2tudFgzanBKelU1YWt4WkdUU0prQWU0aHlQX3BwTllQTFBRZ29kV0VoTFNLMGc?oc=5
ISRAEL,MOSSAD,Inteligencia,Israel kills more Iranian leaders: Former Mossad analyst Sima Shine on what's next in the Iran war - CNBC,BAJO,18/03 8:24,https://news.google.com/rss/articles/CBMi1gFBVV95cUxQemdoeC1BYmJqNUthNEZZenozSEhJaHFkRFZKcElRdWUyZkN0QmhpT1htc2FWZVFzYzlWVUg4MGNYZ1ozc285VFJZNFNtOUV2MVJidkF5amp0ejcwTmtTODhTWXdWSWp6R2RGMWdyemtsREY5OG9UWkN5VXNhRWhGdGxPXzJKMFNvWVhpaG1rUWtqUXFFM3lQUEtxcjFhUHAwY3hmU3pPa0dMRXpKbHdsZWZSOFZDdlVfbFItQU9VNkpDdGlRQlpaSUg4RmFCYWdLbS1hMVdR?oc=5
ISRAEL,MOSSAD,Inteligencia,Stand with your people or die': Inside the Mossad campaign against the regime - ynetnews,MEDIO,18/03 4:05,https://news.google.com/rss/articles/CBMiVkFVX3lxTE5iMTVUQ2ZPR1N6UHZBU1pSbXI4Yk1KVk5CM3p5ekJEcEVtYUkzNHNMX0xxdzZPRW5nYmhXUjZRSG13RkluM05OUnctZnBiWW1mWG9UaTJn?oc=5
ISRAEL,MOSSAD,Inteligencia,"Iran Executes Mossad Spy, Kourosh Keyvani - WANA News Agency",ALTO,18/03 18:20,https://news.google.com/rss/articles/CBMibEFVX3lxTE1YR1hIdDJxYmxocjVtVWcweUF2WVNIVEJtN1B3NDJQdGtiVV8zZHhyeHlfT3dRN3ZVTWpTc1M4NHl6SGZDNFdfVG0zTU1UVlBzS0V3d01nZzF3N2F5a1FrTG9ONkw2elkyRWtCcQ?oc=5
ISRAEL,MOSSAD,Inteligencia,Iran executes man accused of spying for Mossad - The Times of Israel,ALTO,18/03 6:38,https://news.google.com/rss/articles/CBMihgFBVV95cUxPYnJ5WUowUWlkdWdZUW1kTlo2Tk04ci1NUDNPQlhCaENvYzQ3WXlkMFZmaWVHQVJUaTk4N1RUSDdJUkZ0Xzk5M21pN3EwUDktT1pSenFrNXNVelRicEs0UWd5OGE1MGV5Z0hVckxHaUhFRVVBVXJzdjVaLTdkUmtrWm95cW80QdIBiwFBVV95cUxPZnRKZXBDSmJwVTNjQjdkbGNmSFYxTlZ6REJwaHdVNUtLQXFJNFMzdkxtQ1lLeVlvMHVPMHVoM1Z6bzJFb0xLN1U4RDdzZW84OVZqcmpITVEzRXF6Q0EtRE9mdUp5cjF3dTNiRFZmRGpaQk4wZlllOEFJaTNPRW4yRHpxaEpyb2R6LXE4?oc=5
ISRAEL,MOSSAD,Inteligencia,Iran executes alleged Mossad spy amid war - MSN,ALTO,18/03 20:22,https://news.google.com/rss/articles/CBMi3AFBVV95cUxPWE5QZmpjYTNJMlZPOHBsVTRYVnJxRmRXZFNjSWI2QTUtNHFPVGViVlBXVDRRUDRpMFRxNklSYl90MkxhaFBRbThKMk9DbmdvZVd4eklScWY0RGN4R1N5LVVsX0QzV0xyMmNodWhVX1QtNXNBMFdxdHRWcVg4YkozbTJYa3RpLXFwVTY4MFFTQjNQY3BJb0Z6YkljZ0paRkxtdkJ0NXhYOWU5aV9fUHphcnZra2tydFc2OXhodUp4d1dFSTdBSUJwX29PelctY3F2bUFWWmpTSEtQbVc0?oc=5
ISRAEL,MOSSAD,Inteligencia,Eli Cohen Mossad Spy: How Israel’s Top Agent Infiltrated Syria and Helped Win the Six-Day War - Vision Times,ALTO,18/03 18:51,https://news.google.com/rss/articles/CBMi0AFBVV95cUxQejBuVnFrSVcycFFXUWtRVjU0ZGMxM0lGcnRCMmRrVERYb0VVQW9ucmVSMTJmVlV4bzdNWXI4WXpoMTFQV1pCTkRaQ25nQmNQZnlXT19hQmlXdDdQLUhwOVpvQnlLM1AydFF1Qjc0RVl4SkRiWHVZRzFNZC1XbkdyVV9Mb3JzWGJmcHk3dXFnamhyTmVIZXdlc0UxVVlzVWZrV0M1eEFnNjQtOGxrc3FBeXk5bXh1Q204MGo4RHlPTlY1ZEhrekFtTm5CMUVuVjhW?oc=5
ISRAEL,MOSSAD,Inteligencia,Inside Iran’s ‘spy’ crackdown: List of men executed for Mossad ties since the June 2025 war with Israel - The Indian Express,ALTO,18/03 13:34,https://news.google.com/rss/articles/CBMimAFBVV95cUxNWlVKZWFLV3Y3cmJCM014dVJGZXdUY3YtcTRrMjhVMlppSjUyVGtsQWhwMXJSdkZuSUlVWjNISW5ycjAwTGF5OWVnWUs2aUpZZVk4aDY1OVpZR0l3NkxzckR1eEFoYUhBOEViN2F0S1VkS1hCZzlYbEtzaXhRZ1Jxd3lyUko3YlJpXzNLNmk4RjBUeHhMN0RNedIBnwFBVV95cUxQRGlITHd6SVdqQVZDN3NPWng4OFVSV0VVNUpRdkhhQ0MyU3JadDVRSXphaWUzdUhzSGlPOGtpRnB5T0JqdFZBVXA5T056aGQ4eFlqWTBpWmdzRUdnRE9sYk9pN0dCdWQtbTNpOUFvTjNEMmNVdVdoUEJsWkxWeGthVHdKbF9oWFNObGRRcUh0MDAzWkxMTDNLcEdkNERRSkU?oc=5
ISRAEL,SHIN BET,Inteligencia,Israel says it killed Iran's intelligence minister - Axios,MEDIO,18/03 22:59,https://news.google.com/rss/articles/CBMihgFBVV95cUxPVHE4X3NRdDRKd0g0Nnk5ZHB6WlFRdno4WmxLaEllMzQwM2R5aEozYzhXbFAwOHNYOVNyYmpidTc5WTlxdnNUWkdUS3ZNdUdmMGxYMVdjSnl4ZXpEZFQyTlJPSnAwU1RQOXQ5SWtlNjVVNEZFNS1vM3hvMGVvemhteUwwdGlWQQ?oc=5
ISRAEL,SHIN BET,Ciberinteligencia,"Black Cube, leaked tapes and corruption: Israeli spy firm crashes Slovenia’s election - politico.eu",ALTO,19/03 0:00,https://news.google.com/rss/articles/CBMinwFBVV95cUxQaTlTV1NnLWxmeFI0eFhlclBQTExYeHRZS3d0U2lhVW1zNXNpS29DeDVjZHBUOWhJLW03Q3JhakJieWprYUtjUWg3WXlvQzNaMm9rTFpJZl9VRnEyejdoUlVXVi1qUzNMOEZvQUNmc01FU3NvVlJEX3ctQ0tnMHNvRE5fRjg3eS1saVpIblE3aHcyei14WG1GVnUzeGQ0XzQ?oc=5
REINO UNIDO,MI5,Inteligencia,MI5 chief apologises to woman abused by violent neo-Nazi agent - The Justice Gap,MEDIO,19/03 6:21,https://news.google.com/rss/articles/CBMimAFBVV95cUxPZjhSRjZvYkdfZWFuV2VMQUZqLXh4RlB4dHZlWGo0dUNzQUw2YkpQdm96RlE5bkdnQWRwOENjNFpwcWpGU1Y0TXllNjlwbmlLdC1UclVsd1lCSnRqU0k0V21pQVRGdGlCbUdaUzRXdmlSQWNtSEdjTGdyd0stVktXMUVlVG9mQkxRMEhpSExkVUVJeGtsWng3OQ?oc=5
REINO UNIDO,MI5,Inteligencia,MI5: Official Secrets Exhibition Shortlisted For National Award - Wired-gov.net,MEDIO,19/03 10:17,https://news.google.com/rss/articles/CBMiyAFBVV95cUxNWWYzcGJQRDFWMGRRVHQzRDlSV0hvR1g4bFl5RFNjVGlYMGNvSEJIX1ZlN3Zyd213MEh4QWJacU1zaTNRR0J3cTBMQnZtSGtrNzZZNUszaHJwUEVLYTRlNDdqekhoU1RjRnZ0NWpDZ29DYUREMjhEWHdKVy1fc2pYRUlDbGpzUTBibjNkWVVpYVVFODVCalhCN0lOSzlLMG1zaklsbzdtZzVtX2JoUUpRU3VlQVZCMEExbkxtMUllRXlPZTFSWTBHbA?oc=5
RUSIA,FSB,Inteligencia,Alekseev Assassination Attempt Reveals Russian Security Service Cracks - The Jamestown Foundation,ALTO,18/03 19:56,https://news.google.com/rss/articles/CBMimAFBVV95cUxQWlc0eUVDbHBYcm13SW5IaENNOTBJUTc2R2xQQk1tTkRVUXRoaXNmUTZKNjVUV04wYzdpU0N4bUZzUUUxZGJBUHJWOVVNdFV6OWNEYklISnd0ZjBiU0hlM19RY2cwMV9YeW5SU3U0UGotN0Y5NTJqaThaVTdZNWt4TkdOdW1mZjRYV3VKOEVaMGg0MDR5MGtTVg?oc=5
RUSIA,FSB,Contrainteligencia,Ukrainian Counterintelligence Arrests FSB-Belarusian Double Agent - Odessa Journal,MEDIO,19/03 6:19,https://news.google.com/rss/articles/CBMiqwFBVV95cUxNakdsaUxsQlVhY0l4UFRMUXkwYjlvdmtucjYxSkFaZGNFMm5lTkd6NXRtaXFrQkw5ekM5MG9PMHl5UHktYzZKLWZ5NnIzUUNQemZVdkx6ZjU4NHowbllSakV0ejhYOFhBd0N5Z043U1lGNnh3RlFOcWV2Mm5GdzRMdXB2akF2UEJHNTRCR2NhTW9LVVBLYjdvbnRIZTg0MHpFWnFKMEYzZW1tMm8?oc=5
RUSIA,FSB,Inteligencia,"Expert: After shutting down Telegram, Russian intelligence recruitment agencies to shift to other platforms - Ukrinform",MEDIO,18/03 10:26,https://news.google.com/rss/articles/CBMi8AFBVV95cUxOWTZMUmkxb2ZqUGwzcWFzejR4MnY1YWVyb3FXNnJmSktrUmdrMkc0b1J5azktUk9rR2h4MTZYRWtXOUc1RWlHMGdjZmJIWmtMcDQ4X2JCbFZ5MThSdWhxdEdsdVZMVGhER01nbU1CWmhYeFZvZ0NqSXlNb2pxZTRJRDV4ZlM5dEp4X1pXNEQtQ21yTDluQ1VpVHRGSWVMVkZvT3FXdkwwdEJZaHhUZnMzVTZRSU1CeFgwMzYzUl9WMkVSZm5lZ0ZMOHAzR3dUekNLU2ZKeXZlRUdFNURRaWp4dnBZYTA4OW9iUmcySVc0RU3SAfYBQVVfeXFMT0xubXQ3TUY4dVNpdng0NnpSdlNWR013ZmtkTFVJTFg0ZUhmSTNCMWNwUURGeThhUkFjUmNOM3U0X1d3b1dicVdrV2NNRGVGWVJ5NWg4NVJCcXZDNG1pRlh6SnNFMUVMRzdTX2lpb2s1U1EyN2Vtbk5INEowWTN0Wkd3SjdkSTNqOE5qdW84UVEyamp1MDVIOHYyalhiV0cwakRSdGZCUy1zR3dFZjQzVklpRjRoZlFCM3hoZWg2TmJhSmFrVUFSSzVsZEEzZ3g2RkloY2VGUHBmRjVUN2gteHZVUXFfTFphb1BxaUdHUHdYN1hfM3ZR?oc=5
RUSIA,FSB,Inteligencia,‘Orchestrated ’: Ukraine slams arrest of 6 nationals by NIA on Russian intelligence | India News - Hindustan Times,MEDIO,19/03 8:03,https://news.google.com/rss/articles/CBMi2gFBVV95cUxPMG5ZbFdnRXR0ZmhYaWpUZVN1QVl4U2g2dzY0el9tWFBXNDlQdkRrNHpfZ1hLdVo5c0NmcnR6UGlxQjJNamRfVkx2S0piLWJrNGhjaWppSnZtaU4tVDRKLWZRUUhRenZUOGJ2TC1mUnRTSmdhVDlUbjNLVGZSTVBkUzluVGJva3FvaG42ZEVWRWFkR0NyVFR3VHE1TDc0LVBuLTZQXzU4dmR1S1RZbjI1X0NvalBkbDBzQkU1UDlVRnJTanprSnB0V29sWVJjZTROYkFvMThNNDVuUdIB3wFBVV95cUxOQzlpVmFNRlVoZmdrQVJzR3lpTmQ4RmxSODc3cHVKdlUyUGpsVmRqeFFKbUpxVG1vQUVyVnZwc1ZEeno1NFBaRXZKYTRRMDZURldocFkteEd6Vzh6Rk1kdWJMd09KVDZVWXZmRUN6RWo4eDZQSmQtR1MxNjhwXy1PYVRKZlZlal9uUEgtN1lTanJXWlVrSGJUZ0U1VHViTEgyS2llLUp3bHZELTlHSTlrZ2ktUVRObFp3QzYzRnNBM0hTQkRFOVlVNmdLc2liN2tKM3hfVkVPVTlMejg1Q01r?oc=5
RUSIA,FSB,Inteligencia,"Russian Intelligence Behind NIA Crackdown On US National Matthew Vandyke, Six Ukrainians Linked To Myanmar Insurgency - Republic World",MEDIO,19/03 3:55,https://news.google.com/rss/articles/CBMi3gFBVV95cUxPdWxTelVDX3lSWDUwZm5VVzYwMExHRnV2eWlJdmstSzJNX29JYktzS3NrZ0duSEhNcTlZU0J2X0dXeWkwQ1JPdkJHcm9TNnBxX2cydDZlanp1VDl2ZzVLOGZUbDVQSHdicWR4el9oYmF2MlJaX3hJZzJwNE9DRC1oYUFvRy1ldV9naGJ3b3E5bEtHRFFxb0wzQ0Nna3F4WktzT3VzTEs2V2cxSjVCWTZianhaNG9FTWlOOGhBZXVKZUYyb0xLdllIRDItS0gzV18xaGJ5cUU4dFB5eXVlV0HSAeMBQVVfeXFMTXF5V2dtSjN6SEJjSHJETGlDUjcyMEM3ZUNha24zc3NrM0FPaVlTQWstVTdQM183Y19UNG1kUlo3QW82YkR1dkd4SWVhbXljZk56Z291OXkwc09CY3NwNjhzSE1CZTF3VXFzeGRnN2xMY2JzcXNMdXlRd2FTSEhnVGFKYjlXSHFhSUN0VVFLa09rVFhicXpVRjNaRWctU1M2TTdmS3FwZUZZR0VRVjc3cl9CcUNacUZ0RWxVTGEwVXNRVkdobW85cVV5a0xRUmdyYVR4aTM0SU94VjVqZS03RUh4Q1E?oc=5